cell_type,segment,percent_immune
macrophages,Tumor,0.07858153870551897
mast,Tumor,0.0016127242382443896
B.naive,Tumor,0.031210648859016223
B.memory,Tumor,0.0
plasma,Tumor,0.022063452378250612
T.CD4.naive,Tumor,0.0
T.CD4.memory,Tumor,0.0
T.CD8.naive,Tumor,0.3636429015337599
T.CD8.memory,Tumor,0.0
NK,Tumor,0.05675636141066464
pDCs,Tumor,0.008709897274787916
mDCs,Tumor,0.0
monocytes.C,Tumor,0.0
monocytes.NC.I,Tumor,0.0
neutrophils,Tumor,0.27402011037023916
Treg,Tumor,0.0
endothelial.cells,Tumor,0.070679445167686
fibroblasts,Tumor,0.09272292006183218
macrophages,Stroma,0.328793542045234
mast,Stroma,0.0
B.naive,Stroma,0.016457307007422584
B.memory,Stroma,0.0
plasma,Stroma,0.003944336027952849
T.CD4.naive,Stroma,0.0
T.CD4.memory,Stroma,0.055839898252956974
T.CD8.naive,Stroma,0.0
T.CD8.memory,Stroma,0.16951398006227184
NK,Stroma,0.036666285903609735
pDCs,Stroma,0.009348931616581067
mDCs,Stroma,0.009689100829939314
monocytes.C,Stroma,0.0
monocytes.NC.I,Stroma,0.015757087314105418
neutrophils,Stroma,0.11572123914379584
Treg,Stroma,0.012789343494432443
endothelial.cells,Stroma,0.11325902541234159
fibroblasts,Stroma,0.11221992288935637
macrophages,Tumor,0.10049288886739413
mast,Tumor,0.0029936580031659906
B.naive,Tumor,0.04760959160382861
B.memory,Tumor,0.0
plasma,Tumor,0.021312811599581503
T.CD4.naive,Tumor,0.0
T.CD4.memory,Tumor,0.004809689066282524
T.CD8.naive,Tumor,0.32166231796508343
T.CD8.memory,Tumor,0.01980389289232729
NK,Tumor,0.054634431030976045
pDCs,Tumor,0.003988979222638257
mDCs,Tumor,0.0026714907219461646
monocytes.C,Tumor,0.0
monocytes.NC.I,Tumor,0.003680883816528537
neutrophils,Tumor,0.19766566901439628
Treg,Tumor,0.022887642147726917
endothelial.cells,Tumor,0.10326471899968542
fibroblasts,Tumor,0.09252133504843882
macrophages,Stroma,0.30963525912260714
mast,Stroma,7.652874715015594e-05
B.naive,Stroma,0.027119979410894224
B.memory,Stroma,0.0
plasma,Stroma,0.040428992224071474
T.CD4.naive,Stroma,0.0
T.CD4.memory,Stroma,0.02887794146941614
T.CD8.naive,Stroma,0.0
T.CD8.memory,Stroma,0.1978210889882453
NK,Stroma,0.027743903148430168
pDCs,Stroma,0.0034324673588118203
mDCs,Stroma,0.028453474188353967
monocytes.C,Stroma,0.012086665747130758
monocytes.NC.I,Stroma,0.017105014510190943
neutrophils,Stroma,0.02861872781033302
Treg,Stroma,0.03623578608682414
endothelial.cells,Stroma,0.11629649198180536
fibroblasts,Stroma,0.12606767920573544
macrophages,Tumor,0.07971346735529639
mast,Tumor,0.001841501561855518
B.naive,Tumor,0.025841263691531637
B.memory,Tumor,0.0
plasma,Tumor,0.02043058638838791
T.CD4.naive,Tumor,0.0
T.CD4.memory,Tumor,0.020276867440662576
T.CD8.naive,Tumor,0.3601506382736981
T.CD8.memory,Tumor,0.011158677547724045
NK,Tumor,0.04486003782383988
pDCs,Tumor,0.005065077224361232
mDCs,Tumor,0.0
monocytes.C,Tumor,0.0
monocytes.NC.I,Tumor,0.0
neutrophils,Tumor,0.27964804092808276
Treg,Tumor,0.0
endothelial.cells,Tumor,0.06487040747600853
fibroblasts,Tumor,0.0861434342885513
macrophages,Stroma,0.21487560759400948
mast,Stroma,0.0006590365794510584
B.naive,Stroma,0.09519583555997099
B.memory,Stroma,0.07012643377358557
plasma,Stroma,0.10800481359864186
T.CD4.naive,Stroma,0.0
T.CD4.memory,Stroma,0.030020495993393022
T.CD8.naive,Stroma,0.04798588446175884
T.CD8.memory,Stroma,0.10238392499410974
NK,Stroma,0.027045106504324394
pDCs,Stroma,0.007063125722933395
mDCs,Stroma,0.01986229205855401
monocytes.C,Stroma,0.0
monocytes.NC.I,Stroma,0.013850314811442464
neutrophils,Stroma,0.03617922598675011
Treg,Stroma,0.05319813085469193
endothelial.cells,Stroma,0.07366512452377313
fibroblasts,Stroma,0.09988464698260999
macrophages,Tumor,0.13353022741949752
mast,Tumor,0.0026261814111149667
B.naive,Tumor,0.06087997048898318
B.memory,Tumor,0.0
plasma,Tumor,0.02357182097596566
T.CD4.naive,Tumor,0.0
T.CD4.memory,Tumor,0.010488454622786312
T.CD8.naive,Tumor,0.3350104561833454
T.CD8.memory,Tumor,0.05533046481240423
NK,Tumor,0.042613010843167265
pDCs,Tumor,0.001436021424374112
mDCs,Tumor,0.00774278754071731
monocytes.C,Tumor,0.0
monocytes.NC.I,Tumor,0.0
neutrophils,Tumor,0.17198357457267474
Treg,Tumor,0.0
endothelial.cells,Tumor,0.07044338882064748
fibroblasts,Tumor,0.08434364088432189
macrophages,Stroma,0.16482479946815515
mast,Stroma,0.0005578102133227576
B.naive,Stroma,0.05606692268146857
B.memory,Stroma,0.15099644647235866
plasma,Stroma,0.014834879067898694
T.CD4.naive,Stroma,0.04107967504151213
T.CD4.memory,Stroma,0.1722904610946856
T.CD8.naive,Stroma,0.004153845887593356
T.CD8.memory,Stroma,0.1483879892064908
NK,Stroma,0.0033703484151216493
pDCs,Stroma,0.007580953353133153
mDCs,Stroma,0.019185669998212987
monocytes.C,Stroma,0.0
monocytes.NC.I,Stroma,0.014210763488413459
neutrophils,Stroma,0.004816902476310941
Treg,Stroma,0.06339318685547128
endothelial.cells,Stroma,0.04658651997742578
fibroblasts,Stroma,0.08766282630242496
macrophages,Tumor,0.049964578651162356
mast,Tumor,0.00698791623059311
B.naive,Tumor,0.044350644417644663
B.memory,Tumor,0.0
plasma,Tumor,0.004014601137994662
T.CD4.naive,Tumor,0.0
T.CD4.memory,Tumor,0.0
T.CD8.naive,Tumor,0.3228817328750963
T.CD8.memory,Tumor,0.038238545574559524
NK,Tumor,0.048088274574625264
pDCs,Tumor,0.013088369092349108
mDCs,Tumor,0.0
monocytes.C,Tumor,0.0
monocytes.NC.I,Tumor,0.0
neutrophils,Tumor,0.33964905966703873
Treg,Tumor,0.0
endothelial.cells,Tumor,0.07705998459231432
fibroblasts,Tumor,0.05567629318662193
macrophages,Stroma,0.09638206939296735
mast,Stroma,0.0007441958989032146
B.naive,Stroma,0.07979835190344618
B.memory,Stroma,0.2574600680312528
plasma,Stroma,0.018992283219586684
T.CD4.naive,Stroma,0.0
T.CD4.memory,Stroma,0.13945297010944643
T.CD8.naive,Stroma,0.11528586763359133
T.CD8.memory,Stroma,0.0419876397198391
NK,Stroma,0.015410731706008086
pDCs,Stroma,0.015684589521276143
mDCs,Stroma,0.017386575507259038
monocytes.C,Stroma,0.005547935819448179
monocytes.NC.I,Stroma,0.011550660750302885
neutrophils,Stroma,0.025748527891847183
Treg,Stroma,0.06489823342052406
endothelial.cells,Stroma,0.047308239829200224
fibroblasts,Stroma,0.04636105964510112
macrophages,Stroma,0.3589438025811297
mast,Stroma,0.001220991082725764
B.naive,Stroma,0.031576344740117744
B.memory,Stroma,0.0
plasma,Stroma,0.014346918369852371
T.CD4.naive,Stroma,0.0
T.CD4.memory,Stroma,0.03549762929397854
T.CD8.naive,Stroma,0.04960287044702787
T.CD8.memory,Stroma,0.14083611670988697
NK,Stroma,0.04088615903393066
pDCs,Stroma,0.007209811018756072
mDCs,Stroma,0.007376226492969062
monocytes.C,Stroma,0.0
monocytes.NC.I,Stroma,0.011795475519743422
neutrophils,Stroma,0.10554023578692173
Treg,Stroma,0.0
endothelial.cells,Stroma,0.06384981401535965
fibroblasts,Stroma,0.13131760490760047
macrophages,Tumor,0.10366224446553235
mast,Tumor,0.0008716796196649488
B.naive,Tumor,0.002788632757741625
B.memory,Tumor,0.0
plasma,Tumor,0.01662405927256466
T.CD4.naive,Tumor,0.0
T.CD4.memory,Tumor,0.0
T.CD8.naive,Tumor,0.3179648279061822
T.CD8.memory,Tumor,0.031929986213318176
NK,Tumor,0.06296759979668587
pDCs,Tumor,0.010679783972225075
mDCs,Tumor,0.0
monocytes.C,Tumor,0.0
monocytes.NC.I,Tumor,0.0
neutrophils,Tumor,0.2943578231153601
Treg,Tumor,0.0
endothelial.cells,Tumor,0.08524940427917387
fibroblasts,Tumor,0.07290395860155116
macrophages,Stroma,0.419662100479101
mast,Stroma,0.00038915363370432116
B.naive,Stroma,0.007998864773179768
B.memory,Stroma,0.0
plasma,Stroma,0.0
T.CD4.naive,Stroma,0.0
T.CD4.memory,Stroma,0.07134546244685981
T.CD8.naive,Stroma,0.0
T.CD8.memory,Stroma,0.13112667093170677
NK,Stroma,0.028979983157812795
pDCs,Stroma,0.005945990698163738
mDCs,Stroma,0.002504570523636049
monocytes.C,Stroma,0.0
monocytes.NC.I,Stroma,0.03847142677982837
neutrophils,Stroma,0.136939653381768
Treg,Stroma,0.0
endothelial.cells,Stroma,0.031270450101703685
fibroblasts,Stroma,0.12536567309253555
macrophages,Tumor,0.11587305450799133
mast,Tumor,0.0008667067688662848
B.naive,Tumor,0.056687419107347106
B.memory,Tumor,0.0
plasma,Tumor,0.030813105620860714
T.CD4.naive,Tumor,0.0
T.CD4.memory,Tumor,0.0
T.CD8.naive,Tumor,0.2672660221088753
T.CD8.memory,Tumor,0.03699892279782046
NK,Tumor,0.06169857071199175
pDCs,Tumor,0.00535115776656269
mDCs,Tumor,0.0031905848366323986
monocytes.C,Tumor,0.0
monocytes.NC.I,Tumor,0.0
neutrophils,Tumor,0.22008924320742676
Treg,Tumor,0.02929778622314183
endothelial.cells,Tumor,0.08391339733425719
fibroblasts,Tumor,0.08795402900822623
macrophages,Stroma,0.19770995263238728
mast,Stroma,0.001067078022708393
B.naive,Stroma,0.0516740349167614
B.memory,Stroma,0.12465861163552054
plasma,Stroma,0.02958655074620649
T.CD4.naive,Stroma,0.0
T.CD4.memory,Stroma,0.17285325683835456
T.CD8.naive,Stroma,0.03035251711983581
T.CD8.memory,Stroma,0.13737103394174244
NK,Stroma,0.016516670150836268
pDCs,Stroma,0.0032122490838638225
mDCs,Stroma,0.017812056944947776
monocytes.C,Stroma,7.306595603103632e-08
monocytes.NC.I,Stroma,0.015369456465379456
neutrophils,Stroma,0.020829154762236252
Treg,Stroma,0.05542617906157709
endothelial.cells,Stroma,0.04722661206495137
fibroblasts,Stroma,0.07833451254673496
macrophages,Tumor,0.06786359413158241
mast,Tumor,0.0038255151185543723
B.naive,Tumor,0.10425705599613723
B.memory,Tumor,0.0
plasma,Tumor,0.01983933163823632
T.CD4.naive,Tumor,0.0
T.CD4.memory,Tumor,0.0
T.CD8.naive,Tumor,0.3345064205121988
T.CD8.memory,Tumor,0.007812668972798472
NK,Tumor,0.033418346947611796
pDCs,Tumor,0.004590319473080196
mDCs,Tumor,0.00913305613716925
monocytes.C,Tumor,0.0
monocytes.NC.I,Tumor,0.0
neutrophils,Tumor,0.19230097739752428
Treg,Tumor,0.0
endothelial.cells,Tumor,0.12999119121355027
fibroblasts,Tumor,0.09246152246155669
macrophages,Stroma,0.08837916373059564
mast,Stroma,0.0007648416441145563
B.naive,Stroma,0.4015010229752264
B.memory,Stroma,0.16941101792964872
plasma,Stroma,0.029297273302545185
T.CD4.naive,Stroma,0.0
T.CD4.memory,Stroma,0.08446199164400703
T.CD8.naive,Stroma,0.019186871373487006
T.CD8.memory,Stroma,0.03237000258197496
NK,Stroma,0.009878652699520915
pDCs,Stroma,0.003986711453747056
mDCs,Stroma,0.006489002642058514
monocytes.C,Stroma,0.0
monocytes.NC.I,Stroma,0.009319950289026428
neutrophils,Stroma,0.006545356999089045
Treg,Stroma,0.014790901578999243
endothelial.cells,Stroma,0.06218999588621703
fibroblasts,Stroma,0.06142724326974237
macrophages,Tumor,0.19074765836153548
mast,Tumor,0.0009831826076009465
B.naive,Tumor,0.055353469311523795
B.memory,Tumor,0.0
plasma,Tumor,0.01346016348395041
T.CD4.naive,Tumor,0.0
T.CD4.memory,Tumor,0.011475250705301062
T.CD8.naive,Tumor,0.14420264927555215
T.CD8.memory,Tumor,0.11599894904969957
NK,Tumor,0.024228450511633783
pDCs,Tumor,0.00774637026244113
mDCs,Tumor,0.00955289302033993
monocytes.C,Tumor,0.0
monocytes.NC.I,Tumor,0.0
neutrophils,Tumor,0.1946146877769966
Treg,Tumor,0.008312405317372859
endothelial.cells,Tumor,0.10879578273415422
fibroblasts,Tumor,0.11452808758189806
macrophages,Stroma,0.2166675291170446
mast,Stroma,0.00020183388303514322
B.naive,Stroma,0.13366710610671115
B.memory,Stroma,0.1563901600307331
plasma,Stroma,0.01796257353993743
T.CD4.naive,Stroma,0.044252594935950164
T.CD4.memory,Stroma,0.16219197014408898
T.CD8.naive,Stroma,0.0
T.CD8.memory,Stroma,0.08080269665805953
NK,Stroma,0.01037895620459464
pDCs,Stroma,0.008387318979416641
mDCs,Stroma,0.005123751827849818
monocytes.C,Stroma,0.011770497185248302
monocytes.NC.I,Stroma,0.0069095130008730524
neutrophils,Stroma,0.011191307227125923
Treg,Stroma,0.029609653331751296
endothelial.cells,Stroma,0.04088121630773574
fibroblasts,Stroma,0.06361132151984455
macrophages,Tumor,0.13199161787261168
mast,Tumor,0.002453356248378958
B.naive,Tumor,0.015305664229344063
B.memory,Tumor,0.0
plasma,Tumor,0.019524230989236186
T.CD4.naive,Tumor,0.0
T.CD4.memory,Tumor,0.0
T.CD8.naive,Tumor,0.21639694864552472
T.CD8.memory,Tumor,0.09963154228703057
NK,Tumor,0.061938461622283024
pDCs,Tumor,0.004578283710835548
mDCs,Tumor,0.012184218695618912
monocytes.C,Tumor,0.0
monocytes.NC.I,Tumor,0.0
neutrophils,Tumor,0.17455945896318237
Treg,Tumor,0.0
endothelial.cells,Tumor,0.15278023486754608
fibroblasts,Tumor,0.10865598186840796
macrophages,Stroma,0.281468978239797
mast,Stroma,0.0
B.naive,Stroma,0.021494232462662213
B.memory,Stroma,0.0
plasma,Stroma,0.031438972688906316
T.CD4.naive,Stroma,0.0
T.CD4.memory,Stroma,0.08205389536275708
T.CD8.naive,Stroma,0.0
T.CD8.memory,Stroma,0.28851912394879764
NK,Stroma,0.03632795417066524
pDCs,Stroma,0.00859122528002831
mDCs,Stroma,0.006880796130034289
monocytes.C,Stroma,0.034339830591573355
monocytes.NC.I,Stroma,0.01868119034059156
neutrophils,Stroma,0.005994016931618304
Treg,Stroma,0.01213515246782264
endothelial.cells,Stroma,0.05953911128410168
fibroblasts,Stroma,0.1125355201006445
macrophages,Tumor,0.13765136871000533
mast,Tumor,0.001851756381363499
B.naive,Tumor,0.0226550584624423
B.memory,Tumor,0.0
plasma,Tumor,0.015610323732217754
T.CD4.naive,Tumor,0.0
T.CD4.memory,Tumor,0.06011358000168883
T.CD8.naive,Tumor,0.20906847519672783
T.CD8.memory,Tumor,0.1475501767365102
NK,Tumor,0.01340049760360973
pDCs,Tumor,0.018164511394793203
mDCs,Tumor,0.002813516296811543
monocytes.C,Tumor,0.0
monocytes.NC.I,Tumor,0.0
neutrophils,Tumor,0.1747340383489895
Treg,Tumor,0.0
endothelial.cells,Tumor,0.11092143367037662
fibroblasts,Tumor,0.0854652634644637
macrophages,Stroma,0.21265071067010005
mast,Stroma,0.0010277362153182814
B.naive,Stroma,0.07016236781385124
B.memory,Stroma,0.01125780304710901
plasma,Stroma,0.06143418279704179
T.CD4.naive,Stroma,0.0
T.CD4.memory,Stroma,0.12063233972427527
T.CD8.naive,Stroma,0.0
T.CD8.memory,Stroma,0.22376177520787094
NK,Stroma,0.015996783148406853
pDCs,Stroma,0.008698724383864705
mDCs,Stroma,0.010167957790203797
monocytes.C,Stroma,0.00898868250216375
monocytes.NC.I,Stroma,0.016301867858691973
neutrophils,Stroma,0.014165072807491609
Treg,Stroma,0.058898838779858104
endothelial.cells,Stroma,0.06489578754856652
fibroblasts,Stroma,0.10095936970518617
macrophages,Tumor,0.06142610169417545
mast,Tumor,0.001953309236245737
B.naive,Tumor,0.0
B.memory,Tumor,0.0
plasma,Tumor,0.011635788891808859
T.CD4.naive,Tumor,0.0
T.CD4.memory,Tumor,0.0
T.CD8.naive,Tumor,0.3121771860010633
T.CD8.memory,Tumor,0.038173501057179635
NK,Tumor,0.02038522992840702
pDCs,Tumor,0.015383192856481076
mDCs,Tumor,0.004742710637756305
monocytes.C,Tumor,0.0
monocytes.NC.I,Tumor,0.0
neutrophils,Tumor,0.31385510847230735
Treg,Tumor,0.0
endothelial.cells,Tumor,0.11580449564123584
fibroblasts,Tumor,0.1044633755833395
macrophages,Stroma,0.1948045622900248
mast,Stroma,0.0005007023637038286
B.naive,Stroma,0.052975947785374095
B.memory,Stroma,0.0
plasma,Stroma,0.044621198210031
T.CD4.naive,Stroma,0.0
T.CD4.memory,Stroma,0.15345330770992016
T.CD8.naive,Stroma,0.021126544491653274
T.CD8.memory,Stroma,0.15871782280364027
NK,Stroma,0.03170522333189883
pDCs,Stroma,0.015341866768753602
mDCs,Stroma,0.018870237876860076
monocytes.C,Stroma,0.03764092651164181
monocytes.NC.I,Stroma,0.0
neutrophils,Stroma,0.04999640747343116
Treg,Stroma,0.023954851692938463
endothelial.cells,Stroma,0.07566330858147349
fibroblasts,Stroma,0.12062709210865509
macrophages,Tumor,0.10351749413075013
mast,Tumor,0.0011207280698107296
B.naive,Tumor,0.046722108704975396
B.memory,Tumor,0.0
plasma,Tumor,0.0016374313021226647
T.CD4.naive,Tumor,0.0
T.CD4.memory,Tumor,0.08040757371497957
T.CD8.naive,Tumor,0.16761825798040378
T.CD8.memory,Tumor,0.10504901774390285
NK,Tumor,0.02018599088476154
pDCs,Tumor,0.009963129433309117
mDCs,Tumor,0.0032284964178691897
monocytes.C,Tumor,0.0
monocytes.NC.I,Tumor,0.0
neutrophils,Tumor,0.26659275249512504
Treg,Tumor,0.0
endothelial.cells,Tumor,0.12456752714783814
fibroblasts,Tumor,0.06938949197415181
macrophages,Stroma,0.302656589343746
mast,Stroma,0.0005414802809727283
B.naive,Stroma,0.03849580603585824
B.memory,Stroma,0.0
plasma,Stroma,0.04327291945428136
T.CD4.naive,Stroma,0.0
T.CD4.memory,Stroma,0.08976205180436626
T.CD8.naive,Stroma,0.0
T.CD8.memory,Stroma,0.1566793419089884
NK,Stroma,0.02354140677547116
pDCs,Stroma,0.004848067861064193
mDCs,Stroma,0.004484625660836657
monocytes.C,Stroma,0.025402386495419038
monocytes.NC.I,Stroma,0.013450001096682885
neutrophils,Stroma,0.10082517164146332
Treg,Stroma,0.0
endothelial.cells,Stroma,0.08811463788261886
fibroblasts,Stroma,0.10792551375823095
macrophages,Tumor,0.17681754693981674
mast,Tumor,0.002476866995859367
B.naive,Tumor,0.0075429022104368275
B.memory,Tumor,0.0
plasma,Tumor,0.009257227799616529
T.CD4.naive,Tumor,0.0
T.CD4.memory,Tumor,0.0
T.CD8.naive,Tumor,0.21787334098944722
T.CD8.memory,Tumor,0.09018043078254026
NK,Tumor,0.01161281046183713
pDCs,Tumor,0.0027674810072501597
mDCs,Tumor,0.0
monocytes.C,Tumor,0.0
monocytes.NC.I,Tumor,0.0
neutrophils,Tumor,0.22962264906049687
Treg,Tumor,0.00700730204622174
endothelial.cells,Tumor,0.1220601439897592
fibroblasts,Tumor,0.12278129771671786
macrophages,Stroma,0.34870467127134935
mast,Stroma,0.0012524941796848786
B.naive,Stroma,0.010803193890648679
B.memory,Stroma,0.0
plasma,Stroma,0.07898939347981958
T.CD4.naive,Stroma,0.0
T.CD4.memory,Stroma,0.05531328134135487
T.CD8.naive,Stroma,0.0
T.CD8.memory,Stroma,0.11939847070651184
NK,Stroma,0.020651193134053714
pDCs,Stroma,0.006820660426051249
mDCs,Stroma,0.005535328474383457
monocytes.C,Stroma,0.008290410104845504
monocytes.NC.I,Stroma,0.030651059074545395
neutrophils,Stroma,0.02071628027262455
Treg,Stroma,0.03355668266466886
endothelial.cells,Stroma,0.06913946582804266
fibroblasts,Stroma,0.19017741515141542
macrophages,Tumor,0.09492670738442505
mast,Tumor,0.003950090272523235
B.naive,Tumor,0.0
B.memory,Tumor,0.0
plasma,Tumor,0.011374270077249891
T.CD4.naive,Tumor,0.0
T.CD4.memory,Tumor,0.0
T.CD8.naive,Tumor,0.3877786696242623
T.CD8.memory,Tumor,0.0
NK,Tumor,0.04354974270168186
pDCs,Tumor,0.00552381093905777
mDCs,Tumor,0.0
monocytes.C,Tumor,0.0
monocytes.NC.I,Tumor,0.0
neutrophils,Tumor,0.3363631330097869
Treg,Tumor,0.0
endothelial.cells,Tumor,0.08947745219993408
fibroblasts,Tumor,0.027056123791078995
macrophages,Stroma,0.35750853025530765
mast,Stroma,0.000235300155271836
B.naive,Stroma,0.011266674208529646
B.memory,Stroma,0.0
plasma,Stroma,0.062151479683228344
T.CD4.naive,Stroma,0.0
T.CD4.memory,Stroma,0.01490349239822058
T.CD8.naive,Stroma,0.08914014399595227
T.CD8.memory,Stroma,0.11807649203484152
NK,Stroma,0.03952817631156405
pDCs,Stroma,0.005614513754448902
mDCs,Stroma,0.0
monocytes.C,Stroma,0.03229773709866941
monocytes.NC.I,Stroma,0.002883604730821262
neutrophils,Stroma,0.05500967960919656
Treg,Stroma,0.009923030650286992
endothelial.cells,Stroma,0.0856828349465022
fibroblasts,Stroma,0.11577831016715881
macrophages,Tumor,0.09605851048703987
mast,Tumor,0.004287346713823848
B.naive,Tumor,0.0762184591915346
B.memory,Tumor,0.0
plasma,Tumor,0.02245418641555643
T.CD4.naive,Tumor,0.0
T.CD4.memory,Tumor,0.0
T.CD8.naive,Tumor,0.3887026358205005
T.CD8.memory,Tumor,0.08354067929334656
NK,Tumor,0.037075816050177256
pDCs,Tumor,0.004331642846896723
mDCs,Tumor,0.007460364012716874
monocytes.C,Tumor,0.0
monocytes.NC.I,Tumor,0.0
neutrophils,Tumor,0.15079749453947167
Treg,Tumor,0.0
endothelial.cells,Tumor,0.10061683314719824
fibroblasts,Tumor,0.0284560314817375
macrophages,Stroma,0.13975225575059946
mast,Stroma,0.0010939937958365418
B.naive,Stroma,0.0905267974810507
B.memory,Stroma,0.08244416330996113
plasma,Stroma,0.0537302851463062
T.CD4.naive,Stroma,0.0
T.CD4.memory,Stroma,0.22279057015988948
T.CD8.naive,Stroma,0.07378567229691543
T.CD8.memory,Stroma,0.13270675545424704
NK,Stroma,0.010493127412675718
pDCs,Stroma,0.022191569280936876
mDCs,Stroma,0.016180586550789557
monocytes.C,Stroma,0.0
monocytes.NC.I,Stroma,0.0060814763665849765
neutrophils,Stroma,0.009319873703861718
Treg,Stroma,0.06416921003221082
endothelial.cells,Stroma,0.04758218303293674
fibroblasts,Stroma,0.027151480225197686
macrophages,Tumor,0.1654901357187673
mast,Tumor,0.001066175510221789
B.naive,Tumor,0.017117421133097208
B.memory,Tumor,0.0
plasma,Tumor,0.02117274538500308
T.CD4.naive,Tumor,0.0
T.CD4.memory,Tumor,0.02005274890689822
T.CD8.naive,Tumor,0.1806316496312861
T.CD8.memory,Tumor,0.09105821524521673
NK,Tumor,0.030977192745953248
pDCs,Tumor,0.003273351899226857
mDCs,Tumor,0.0010751098501712952
monocytes.C,Tumor,0.0
monocytes.NC.I,Tumor,0.0
neutrophils,Tumor,0.2097323105612776
Treg,Tumor,0.009292867548572763
endothelial.cells,Tumor,0.10529789352802978
fibroblasts,Tumor,0.14376218233627794
macrophages,Stroma,0.31002454594789
mast,Stroma,3.155323149801019e-05
B.naive,Stroma,0.0314915540374837
B.memory,Stroma,0.0
plasma,Stroma,0.02154322253503103
T.CD4.naive,Stroma,0.0
T.CD4.memory,Stroma,0.08147477881178522
T.CD8.naive,Stroma,0.0
T.CD8.memory,Stroma,0.1659125013005587
NK,Stroma,0.026097878709417443
pDCs,Stroma,0.006054143812815585
mDCs,Stroma,0.0173753502861788
monocytes.C,Stroma,0.019457086374907995
monocytes.NC.I,Stroma,0.014739737859653728
neutrophils,Stroma,0.03500890675460784
Treg,Stroma,0.01921733313671918
endothelial.cells,Stroma,0.06312904348166727
fibroblasts,Stroma,0.18844236371978548
macrophages,Tumor,0.09889860062787308
mast,Tumor,0.0016580437172347435
B.naive,Tumor,0.044022620334485785
B.memory,Tumor,0.0
plasma,Tumor,0.01064527307388012
T.CD4.naive,Tumor,0.0
T.CD4.memory,Tumor,0.0
T.CD8.naive,Tumor,0.2426464114573147
T.CD8.memory,Tumor,0.04525441340725588
NK,Tumor,0.035234657810363654
pDCs,Tumor,0.003159708445945086
mDCs,Tumor,0.010983088941118413
monocytes.C,Tumor,0.0
monocytes.NC.I,Tumor,0.0
neutrophils,Tumor,0.23640920784792016
Treg,Tumor,0.0
endothelial.cells,Tumor,0.13223106780020208
fibroblasts,Tumor,0.1388569065364063
macrophages,Stroma,0.2914776582497832
mast,Stroma,0.0002042013843158244
B.naive,Stroma,0.013987463754837065
B.memory,Stroma,0.0
plasma,Stroma,0.01215607039038639
T.CD4.naive,Stroma,0.0
T.CD4.memory,Stroma,0.05203587067515612
T.CD8.naive,Stroma,0.020803468186499998
T.CD8.memory,Stroma,0.15053436871558626
NK,Stroma,0.02985317008445925
pDCs,Stroma,0.005071741544037632
mDCs,Stroma,0.015688635806207826
monocytes.C,Stroma,0.036885657527852785
monocytes.NC.I,Stroma,0.013912019314536759
neutrophils,Stroma,0.04938976159415889
Treg,Stroma,0.02302947684126511
endothelial.cells,Stroma,0.08790014689783458
fibroblasts,Stroma,0.19707028903308216
macrophages,Tumor,0.08599463301197106
mast,Tumor,0.007177347674584441
B.naive,Tumor,0.04304349256096151
B.memory,Tumor,0.0
plasma,Tumor,0.0062776577685335995
T.CD4.naive,Tumor,0.0
T.CD4.memory,Tumor,0.0
T.CD8.naive,Tumor,0.37480811466000336
T.CD8.memory,Tumor,0.0
NK,Tumor,0.03806869908274574
pDCs,Tumor,0.02945277412775481
mDCs,Tumor,0.0
monocytes.C,Tumor,0.08068716173490839
monocytes.NC.I,Tumor,0.0005091175878779619
neutrophils,Tumor,0.1953970454190372
Treg,Tumor,0.0
endothelial.cells,Tumor,0.11107378762535966
fibroblasts,Tumor,0.02751016874626202
macrophages,Stroma,0.19220928807389515
mast,Stroma,0.0
B.naive,Stroma,0.02325937487414099
B.memory,Stroma,0.0
plasma,Stroma,0.023778672980024857
T.CD4.naive,Stroma,0.0
T.CD4.memory,Stroma,0.21897726606275505
T.CD8.naive,Stroma,0.0
T.CD8.memory,Stroma,0.16567478911917746
NK,Stroma,0.016705734912225757
pDCs,Stroma,0.013737645844095845
mDCs,Stroma,0.0
monocytes.C,Stroma,0.05015476420417319
monocytes.NC.I,Stroma,0.03812351265463858
neutrophils,Stroma,0.0
Treg,Stroma,0.004997312616977641
endothelial.cells,Stroma,0.12740670065046358
fibroblasts,Stroma,0.12497493800743181
macrophages,Tumor,0.1813932798621149
mast,Tumor,0.005983031965647595
B.naive,Tumor,0.0
B.memory,Tumor,0.0
plasma,Tumor,0.0017317020768553364
T.CD4.naive,Tumor,0.0
T.CD4.memory,Tumor,0.0
T.CD8.naive,Tumor,0.3549748826451328
T.CD8.memory,Tumor,0.0
NK,Tumor,0.006000179532597365
pDCs,Tumor,0.03422792135926309
mDCs,Tumor,0.0
monocytes.C,Tumor,0.024272459164513482
monocytes.NC.I,Tumor,0.016184390114511685
neutrophils,Tumor,0.2862926981160366
Treg,Tumor,0.0
endothelial.cells,Tumor,0.06428351899082185
fibroblasts,Tumor,0.024655936172505367
macrophages,Stroma,0.19651325224090108
mast,Stroma,0.001696504746966888
B.naive,Stroma,0.029751592268733064
B.memory,Stroma,0.0
plasma,Stroma,0.003752180699039816
T.CD4.naive,Stroma,0.0
T.CD4.memory,Stroma,0.23862026354129015
T.CD8.naive,Stroma,0.015720668453891598
T.CD8.memory,Stroma,0.11108915800627736
NK,Stroma,0.0026664755850236547
pDCs,Stroma,0.027639714321755073
mDCs,Stroma,0.0
monocytes.C,Stroma,0.013183654988486811
monocytes.NC.I,Stroma,0.04242531341082298
neutrophils,Stroma,0.04738461382686092
Treg,Stroma,0.030132411473843827
endothelial.cells,Stroma,0.08791467613258565
fibroblasts,Stroma,0.1515095203035213
macrophages,Tumor,0.21874173413211007
mast,Tumor,0.008463178825991926
B.naive,Tumor,0.02155648780609046
B.memory,Tumor,0.0
plasma,Tumor,0.010636693196952166
T.CD4.naive,Tumor,0.0
T.CD4.memory,Tumor,0.0
T.CD8.naive,Tumor,0.3046417175430157
T.CD8.memory,Tumor,0.0
NK,Tumor,0.0557643451770012
pDCs,Tumor,0.017929822892745452
mDCs,Tumor,0.0
monocytes.C,Tumor,0.027513038051385257
monocytes.NC.I,Tumor,0.009660606151070422
neutrophils,Tumor,0.20563096895171581
Treg,Tumor,0.006117404393541422
endothelial.cells,Tumor,0.0940700881507805
fibroblasts,Tumor,0.019273914727599567
macrophages,Stroma,0.27040273726883757
mast,Stroma,0.0
B.naive,Stroma,0.0027049694119259033
B.memory,Stroma,0.011233687448999196
plasma,Stroma,0.009532429506735008
T.CD4.naive,Stroma,0.10328971935801871
T.CD4.memory,Stroma,0.18564509891284453
T.CD8.naive,Stroma,0.0
T.CD8.memory,Stroma,0.09228958506639236
NK,Stroma,0.014900502978573368
pDCs,Stroma,0.0165753349362697
mDCs,Stroma,0.0010773980079536796
monocytes.C,Stroma,0.014883096464912732
monocytes.NC.I,Stroma,0.0610688965325
neutrophils,Stroma,0.04710319916130043
Treg,Stroma,0.030026461716161544
endothelial.cells,Stroma,0.07679222558661432
fibroblasts,Stroma,0.06247465764196093
macrophages,Tumor,0.1624409324909565
mast,Tumor,0.008909307464548774
B.naive,Tumor,0.04405909272566075
B.memory,Tumor,0.0
plasma,Tumor,0.0
T.CD4.naive,Tumor,0.0
T.CD4.memory,Tumor,0.0
T.CD8.naive,Tumor,0.34850237497138803
T.CD8.memory,Tumor,0.0
NK,Tumor,0.0513655474939294
pDCs,Tumor,0.023210507432784924
mDCs,Tumor,0.0
monocytes.C,Tumor,0.0030920913442111005
monocytes.NC.I,Tumor,0.010628696593002371
neutrophils,Tumor,0.21218466544972944
Treg,Tumor,0.0
endothelial.cells,Tumor,0.11786903070035788
fibroblasts,Tumor,0.017737753333430962
macrophages,Stroma,0.2578182826193654
mast,Stroma,0.00549755860459051
B.naive,Stroma,0.0
B.memory,Stroma,0.0
plasma,Stroma,0.025894224468616993
T.CD4.naive,Stroma,0.0
T.CD4.memory,Stroma,0.0
T.CD8.naive,Stroma,0.11782211256550153
T.CD8.memory,Stroma,0.10469785851943637
NK,Stroma,0.018050894052164874
pDCs,Stroma,0.02034725064946951
mDCs,Stroma,0.0
monocytes.C,Stroma,0.025377590832286648
monocytes.NC.I,Stroma,0.053266962677353764
neutrophils,Stroma,0.05127537148911335
Treg,Stroma,0.0
endothelial.cells,Stroma,0.15892293638551813
fibroblasts,Stroma,0.16102895713658286
macrophages,Tumor,0.13673404161799446
mast,Tumor,0.007681515141627652
B.naive,Tumor,0.0
B.memory,Tumor,0.0
plasma,Tumor,0.0
T.CD4.naive,Tumor,0.0
T.CD4.memory,Tumor,0.0
T.CD8.naive,Tumor,0.3833157840424586
T.CD8.memory,Tumor,0.0
NK,Tumor,0.043213386731144485
pDCs,Tumor,0.027416320220668505
mDCs,Tumor,0.0
monocytes.C,Tumor,0.012369000600960274
monocytes.NC.I,Tumor,0.008536477233928082
neutrophils,Tumor,0.2301532049427919
Treg,Tumor,0.0
endothelial.cells,Tumor,0.12280045271295936
fibroblasts,Tumor,0.02777981675546681
macrophages,Stroma,0.27357411187163716
mast,Stroma,0.004106186321937171
B.naive,Stroma,0.01416330720771017
B.memory,Stroma,0.0
plasma,Stroma,0.0
T.CD4.naive,Stroma,0.0
T.CD4.memory,Stroma,0.0
T.CD8.naive,Stroma,0.15150440059414233
T.CD8.memory,Stroma,0.0
NK,Stroma,0.03502800550524006
pDCs,Stroma,0.019562774256067488
mDCs,Stroma,0.0
monocytes.C,Stroma,0.042265490734454673
monocytes.NC.I,Stroma,0.06274590355971205
neutrophils,Stroma,0.02511356243989083
Treg,Stroma,0.0
endothelial.cells,Stroma,0.15579377339035863
fibroblasts,Stroma,0.21614248411884948
macrophages,Tumor,0.20494568661389148
mast,Tumor,0.008104927799424235
B.naive,Tumor,0.016147364478152952
B.memory,Tumor,0.0
plasma,Tumor,0.010848890199649939
T.CD4.naive,Tumor,0.0
T.CD4.memory,Tumor,0.0
T.CD8.naive,Tumor,0.2907172492369355
T.CD8.memory,Tumor,0.0
NK,Tumor,0.04630565965047162
pDCs,Tumor,0.024188868300275897
mDCs,Tumor,0.0
monocytes.C,Tumor,0.02102922724535882
monocytes.NC.I,Tumor,0.010081281553432738
neutrophils,Tumor,0.21552006164563528
Treg,Tumor,0.0
endothelial.cells,Tumor,0.12635789746026987
fibroblasts,Tumor,0.025752885816501776
macrophages,Stroma,0.2574504151855301
mast,Stroma,0.0023031539520844825
B.naive,Stroma,0.03293811931381492
B.memory,Stroma,0.012510847789353095
plasma,Stroma,0.0017392343300634625
T.CD4.naive,Stroma,0.028472072131109066
T.CD4.memory,Stroma,0.08170507106385286
T.CD8.naive,Stroma,0.0
T.CD8.memory,Stroma,0.12866614920279237
NK,Stroma,0.023551162879440247
pDCs,Stroma,0.022590980109156004
mDCs,Stroma,0.0
monocytes.C,Stroma,0.016790682206257318
monocytes.NC.I,Stroma,0.03606999302968104
neutrophils,Stroma,0.0465104128438519
Treg,Stroma,0.02748823315628313
endothelial.cells,Stroma,0.14858862139864673
fibroblasts,Stroma,0.13262485140808322
macrophages,Tumor,0.08149918192407084
mast,Tumor,0.0040454658376871955
B.naive,Tumor,0.014275680003512755
B.memory,Tumor,0.0
plasma,Tumor,0.02005459595385509
T.CD4.naive,Tumor,0.0
T.CD4.memory,Tumor,0.0
T.CD8.naive,Tumor,0.3968438886198477
T.CD8.memory,Tumor,0.050889348853923884
NK,Tumor,0.032724071175957034
pDCs,Tumor,0.038858993690021916
mDCs,Tumor,0.0
monocytes.C,Tumor,0.007130759029610939
monocytes.NC.I,Tumor,0.03829660202164118
neutrophils,Tumor,0.16863311232739522
Treg,Tumor,0.044722993030128916
endothelial.cells,Tumor,0.08211408588719765
fibroblasts,Tumor,0.019911221645149656
macrophages,Stroma,0.13456591131044007
mast,Stroma,0.0005522996508294977
B.naive,Stroma,0.020860015535779118
B.memory,Stroma,0.0036989665254939497
plasma,Stroma,0.022303073052477536
T.CD4.naive,Stroma,0.0
T.CD4.memory,Stroma,0.31882183034007944
T.CD8.naive,Stroma,0.0
T.CD8.memory,Stroma,0.17972312835671514
NK,Stroma,0.036346993952824674
pDCs,Stroma,0.0345821046994811
mDCs,Stroma,0.007732977132169367
monocytes.C,Stroma,0.0
monocytes.NC.I,Stroma,0.046311526592561054
neutrophils,Stroma,0.026033505105083853
Treg,Stroma,0.0468881314429295
endothelial.cells,Stroma,0.06320142289903846
fibroblasts,Stroma,0.0583781134040973
macrophages,Tumor,0.13985232144680004
mast,Tumor,0.00477175767828331
B.naive,Tumor,0.013933539378886275
B.memory,Tumor,0.0
plasma,Tumor,0.011438691491401701
T.CD4.naive,Tumor,0.0
T.CD4.memory,Tumor,0.0
T.CD8.naive,Tumor,0.45779577319037484
T.CD8.memory,Tumor,0.0
NK,Tumor,0.04314130412600042
pDCs,Tumor,0.02952628795926505
mDCs,Tumor,0.0
monocytes.C,Tumor,0.03431814637646435
monocytes.NC.I,Tumor,0.04010446344282641
neutrophils,Tumor,0.09632299574500239
Treg,Tumor,0.0
endothelial.cells,Tumor,0.11139572059354697
fibroblasts,Tumor,0.017398998571148128
macrophages,Stroma,0.2645447972526549
mast,Stroma,0.0012889446012125409
B.naive,Stroma,0.0
B.memory,Stroma,0.0
plasma,Stroma,0.027012769642371665
T.CD4.naive,Stroma,0.0
T.CD4.memory,Stroma,0.12392426887757856
T.CD8.naive,Stroma,0.02030750038724135
T.CD8.memory,Stroma,0.12153815086261105
NK,Stroma,0.014431970555466843
pDCs,Stroma,0.0211428047474469
mDCs,Stroma,0.00038898755514573535
monocytes.C,Stroma,0.03359777026834426
monocytes.NC.I,Stroma,0.07790560969234293
neutrophils,Stroma,0.01847435513354191
Treg,Stroma,0.010135088928931868
endothelial.cells,Stroma,0.14704915344817723
fibroblasts,Stroma,0.11825782804693216
macrophages,Tumor,0.09563413373716975
mast,Tumor,0.005076133724384012
B.naive,Tumor,0.03624139269547336
B.memory,Tumor,0.0
plasma,Tumor,0.0
T.CD4.naive,Tumor,0.0
T.CD4.memory,Tumor,0.0
T.CD8.naive,Tumor,0.47627988512588265
T.CD8.memory,Tumor,0.0
NK,Tumor,0.035236540799134165
pDCs,Tumor,0.023280383841124196
mDCs,Tumor,0.0
monocytes.C,Tumor,0.08810470226878131
monocytes.NC.I,Tumor,0.0
neutrophils,Tumor,0.13981825596074274
Treg,Tumor,0.0
endothelial.cells,Tumor,0.08033713834115105
fibroblasts,Tumor,0.019991433506156626
macrophages,Stroma,0.10589864421933652
mast,Stroma,0.0015292270888709353
B.naive,Stroma,0.03571666140694325
B.memory,Stroma,0.03192056637224741
plasma,Stroma,0.0050746200363804604
T.CD4.naive,Stroma,0.0
T.CD4.memory,Stroma,0.3898160142408008
T.CD8.naive,Stroma,0.1154989581725611
T.CD8.memory,Stroma,0.0862174210043582
NK,Stroma,0.006375808416998207
pDCs,Stroma,0.033237964895308364
mDCs,Stroma,0.005492945560112383
monocytes.C,Stroma,0.0
monocytes.NC.I,Stroma,0.0205637480158904
neutrophils,Stroma,0.012069319843055829
Treg,Stroma,0.007321515129162391
endothelial.cells,Stroma,0.08405606362424965
fibroblasts,Stroma,0.059210521973724124
macrophages,Tumor,0.1287509959678627
mast,Tumor,0.005973513451348067
B.naive,Tumor,0.006267331746784744
B.memory,Tumor,0.0
plasma,Tumor,0.00705304308907385
T.CD4.naive,Tumor,0.0
T.CD4.memory,Tumor,0.0
T.CD8.naive,Tumor,0.46105210132038993
T.CD8.memory,Tumor,0.006871630761033073
NK,Tumor,0.018991060818247824
pDCs,Tumor,0.035326949116395875
mDCs,Tumor,0.0
monocytes.C,Tumor,0.03975391220110204
monocytes.NC.I,Tumor,0.05053605650355598
neutrophils,Tumor,0.11912490245828983
Treg,Tumor,0.0
endothelial.cells,Tumor,0.10030842287533061
fibroblasts,Tumor,0.01999007969058566
macrophages,Stroma,0.17955283311575776
mast,Stroma,0.001283075593987191
B.naive,Stroma,0.03232294045466983
B.memory,Stroma,0.0
plasma,Stroma,0.015891419765932963
T.CD4.naive,Stroma,0.0
T.CD4.memory,Stroma,0.3009299510239436
T.CD8.naive,Stroma,0.0
T.CD8.memory,Stroma,0.10699536964052737
NK,Stroma,0.017993119354852073
pDCs,Stroma,0.03193732000963512
mDCs,Stroma,0.010073723497516673
monocytes.C,Stroma,0.0036161211841245038
monocytes.NC.I,Stroma,0.04291281528045994
neutrophils,Stroma,0.023972856367549603
Treg,Stroma,0.030074861166986166
endothelial.cells,Stroma,0.1312855717115661
fibroblasts,Stroma,0.07115802183249118
macrophages,Tumor,0.14011038281882338
mast,Tumor,0.004752210234264183
B.naive,Tumor,0.04246039603930382
B.memory,Tumor,0.0
plasma,Tumor,0.0024155731878335407
T.CD4.naive,Tumor,0.0
T.CD4.memory,Tumor,0.0
T.CD8.naive,Tumor,0.39408558596055077
T.CD8.memory,Tumor,0.0
NK,Tumor,0.052367103198192294
pDCs,Tumor,0.027246090993169145
mDCs,Tumor,0.0
monocytes.C,Tumor,0.00444252142219918
monocytes.NC.I,Tumor,0.025732092960621296
neutrophils,Tumor,0.19356728479790586
Treg,Tumor,0.0
endothelial.cells,Tumor,0.09153254287337827
fibroblasts,Tumor,0.021288215513758244
macrophages,Stroma,0.17324587574510095
mast,Stroma,0.0005928457583753538
B.naive,Stroma,0.03829387759063908
B.memory,Stroma,0.0
plasma,Stroma,0.02196898498837901
T.CD4.naive,Stroma,0.0
T.CD4.memory,Stroma,0.23676711130796502
T.CD8.naive,Stroma,0.0
T.CD8.memory,Stroma,0.13369470424981814
NK,Stroma,0.04266043287521424
pDCs,Stroma,0.02891568834821121
mDCs,Stroma,0.015986923061868902
monocytes.C,Stroma,0.012422495657714382
monocytes.NC.I,Stroma,0.04791517282230672
neutrophils,Stroma,0.01929169410046807
Treg,Stroma,0.015078009281794216
endothelial.cells,Stroma,0.09264374007249372
fibroblasts,Stroma,0.12052244413965088
macrophages,Tumor,0.2755148409046359
mast,Tumor,0.006652565815146749
B.naive,Tumor,0.008995169427901389
B.memory,Tumor,0.0
plasma,Tumor,0.00345053211953116
T.CD4.naive,Tumor,0.0
T.CD4.memory,Tumor,0.0
T.CD8.naive,Tumor,0.27617612245774464
T.CD8.memory,Tumor,0.03314954591719984
NK,Tumor,0.01888438101423304
pDCs,Tumor,0.027385781269263845
mDCs,Tumor,0.0
monocytes.C,Tumor,0.023687516958626267
monocytes.NC.I,Tumor,0.017689301844996858
neutrophils,Tumor,0.20657501173502107
Treg,Tumor,0.0
endothelial.cells,Tumor,0.08627288604276132
fibroblasts,Tumor,0.015566344492937785
macrophages,Stroma,0.4224445116336685
mast,Stroma,0.000870813363232203
B.naive,Stroma,0.0
B.memory,Stroma,0.0
plasma,Stroma,0.03001440617067788
T.CD4.naive,Stroma,0.0
T.CD4.memory,Stroma,0.133437786187088
T.CD8.naive,Stroma,0.023004224669706745
T.CD8.memory,Stroma,0.07009484575106201
NK,Stroma,0.0017530910300747834
pDCs,Stroma,0.01886404618581773
mDCs,Stroma,0.0
monocytes.C,Stroma,0.020137318412863574
monocytes.NC.I,Stroma,0.07989210021544957
neutrophils,Stroma,0.04118780850509998
Treg,Stroma,0.0
endothelial.cells,Stroma,0.10016488926389856
fibroblasts,Stroma,0.058134158611360495
macrophages,Tumor,0.35103223441172415
mast,Tumor,0.004887496555029574
B.naive,Tumor,0.0
B.memory,Tumor,0.0
plasma,Tumor,0.0
T.CD4.naive,Tumor,0.0
T.CD4.memory,Tumor,0.0
T.CD8.naive,Tumor,0.25571763221739
T.CD8.memory,Tumor,0.0
NK,Tumor,0.025438715510110944
pDCs,Tumor,0.018375678717158818
mDCs,Tumor,0.0
monocytes.C,Tumor,0.009750870836515336
monocytes.NC.I,Tumor,0.05425561318332753
neutrophils,Tumor,0.1783464066381676
Treg,Tumor,0.0
endothelial.cells,Tumor,0.08191389943222865
fibroblasts,Tumor,0.020281452498347407
macrophages,Tumor,0.2168509355808911
mast,Tumor,0.004114542066078289
B.naive,Tumor,0.027547618948969076
B.memory,Tumor,0.0
plasma,Tumor,0.0
T.CD4.naive,Tumor,0.0
T.CD4.memory,Tumor,0.0
T.CD8.naive,Tumor,0.30886534011658895
T.CD8.memory,Tumor,2.171590310431468e-05
NK,Tumor,0.03180572480355185
pDCs,Tumor,0.01964484617577553
mDCs,Tumor,0.0
monocytes.C,Tumor,0.06226001013347216
monocytes.NC.I,Tumor,0.053799334159157226
neutrophils,Tumor,0.12598537735325904
Treg,Tumor,0.0
endothelial.cells,Tumor,0.12268238171692693
fibroblasts,Tumor,0.026422173042225463
macrophages,Stroma,0.14487134999767282
mast,Stroma,0.001823452023055787
B.naive,Stroma,0.0037963459783421885
B.memory,Stroma,0.0
plasma,Stroma,0.0256659834793269
T.CD4.naive,Stroma,0.0
T.CD4.memory,Stroma,0.1937213458977922
T.CD8.naive,Stroma,0.0
T.CD8.memory,Stroma,0.11676812618006145
NK,Stroma,0.0
pDCs,Stroma,0.009133360721046393
mDCs,Stroma,0.004475451288462241
monocytes.C,Stroma,0.020343944986823223
monocytes.NC.I,Stroma,0.07833216748348015
neutrophils,Stroma,0.017577187856628155
Treg,Stroma,0.05966779836279364
endothelial.cells,Stroma,0.18072959326591925
fibroblasts,Stroma,0.1430938924785958
macrophages,Tumor,0.33926864500134996
mast,Tumor,0.00315890450438488
B.naive,Tumor,0.0
B.memory,Tumor,0.009834560848076409
plasma,Tumor,0.0
T.CD4.naive,Tumor,0.0
T.CD4.memory,Tumor,0.0
T.CD8.naive,Tumor,0.2241054063990056
T.CD8.memory,Tumor,0.02885615568335358
NK,Tumor,0.034046550490798
pDCs,Tumor,0.012227390735641556
mDCs,Tumor,0.0
monocytes.C,Tumor,0.0
monocytes.NC.I,Tumor,0.04077502008541017
neutrophils,Tumor,0.18202018332343078
Treg,Tumor,0.0
endothelial.cells,Tumor,0.10429534458230934
fibroblasts,Tumor,0.021411838346239505
macrophages,Stroma,0.20310930378405967
mast,Stroma,0.00015997012791864893
B.naive,Stroma,0.03986233831218833
B.memory,Stroma,0.0
plasma,Stroma,0.03185464724806412
T.CD4.naive,Stroma,0.0
T.CD4.memory,Stroma,0.17423356161646456
T.CD8.naive,Stroma,0.005173789501492332
T.CD8.memory,Stroma,0.09839557309773718
NK,Stroma,0.007409154654168354
pDCs,Stroma,0.020145700987894543
mDCs,Stroma,0.0
monocytes.C,Stroma,0.00827990683041181
monocytes.NC.I,Stroma,0.04568870087807526
neutrophils,Stroma,0.016098102735728884
Treg,Stroma,0.007039192124421047
endothelial.cells,Stroma,0.1671374993735453
fibroblasts,Stroma,0.17541255872782982
macrophages,Tumor,0.07970056976198053
mast,Tumor,0.0052641899204999955
B.naive,Tumor,0.029641446044129882
B.memory,Tumor,0.0
plasma,Tumor,0.005565623440946828
T.CD4.naive,Tumor,0.0
T.CD4.memory,Tumor,0.13121199626890587
T.CD8.naive,Tumor,0.211631624623797
T.CD8.memory,Tumor,0.006924811217688392
NK,Tumor,0.11702092681431253
pDCs,Tumor,0.04544784685946817
mDCs,Tumor,0.0
monocytes.C,Tumor,0.011032273136555503
monocytes.NC.I,Tumor,0.021847930533915427
neutrophils,Tumor,0.15550810165764467
Treg,Tumor,0.0
endothelial.cells,Tumor,0.1377543204032084
fibroblasts,Tumor,0.04144833931694673
macrophages,Stroma,0.10009138559722518
mast,Stroma,0.0026162844112953237
B.naive,Stroma,0.043410520648267566
B.memory,Stroma,0.0
plasma,Stroma,0.006907315104466048
T.CD4.naive,Stroma,0.0
T.CD4.memory,Stroma,0.17447615811657724
T.CD8.naive,Stroma,0.0
T.CD8.memory,Stroma,0.17449773021750306
NK,Stroma,0.001690057054133995
pDCs,Stroma,0.026014823906113833
mDCs,Stroma,0.0
monocytes.C,Stroma,0.027921301763045418
monocytes.NC.I,Stroma,0.0398656642812284
neutrophils,Stroma,0.021898394456820347
Treg,Stroma,0.047404814871452136
endothelial.cells,Stroma,0.16848854961774232
fibroblasts,Stroma,0.16471699995412917
macrophages,Tumor,0.23853788558079908
mast,Tumor,0.003660753506029657
B.naive,Tumor,0.01512672260914771
B.memory,Tumor,0.0
plasma,Tumor,0.0
T.CD4.naive,Tumor,0.0
T.CD4.memory,Tumor,0.0
T.CD8.naive,Tumor,0.2983858253393055
T.CD8.memory,Tumor,0.0
NK,Tumor,0.02064946713375437
pDCs,Tumor,0.03002781246799141
mDCs,Tumor,0.0
monocytes.C,Tumor,0.0031846608803551635
monocytes.NC.I,Tumor,0.04710509163555689
neutrophils,Tumor,0.2254733941963546
Treg,Tumor,0.0
endothelial.cells,Tumor,0.084038470718227
fibroblasts,Tumor,0.03380991593247856
macrophages,Tumor,0.23746305042651605
mast,Tumor,0.0051536275510043
B.naive,Tumor,0.0
B.memory,Tumor,0.0
plasma,Tumor,0.006083788131222959
T.CD4.naive,Tumor,0.0
T.CD4.memory,Tumor,0.0
T.CD8.naive,Tumor,0.341612077023319
T.CD8.memory,Tumor,0.009860341941607939
NK,Tumor,0.028385326555946916
pDCs,Tumor,0.02629630226309822
mDCs,Tumor,0.0
monocytes.C,Tumor,0.030405625454360923
monocytes.NC.I,Tumor,0.0095515402102984
neutrophils,Tumor,0.19301406194224652
Treg,Tumor,0.0
endothelial.cells,Tumor,0.10292823871341847
fibroblasts,Tumor,0.009246019786960297
macrophages,Stroma,0.4806514009964538
mast,Stroma,0.0010438006922984344
B.naive,Stroma,0.0
B.memory,Stroma,0.0
plasma,Stroma,0.013228456132454462
T.CD4.naive,Stroma,0.0
T.CD4.memory,Stroma,0.06750024594566147
T.CD8.naive,Stroma,0.0
T.CD8.memory,Stroma,0.09164549903505465
NK,Stroma,0.0014999385521719758
pDCs,Stroma,0.026960533682773607
mDCs,Stroma,0.0
monocytes.C,Stroma,0.04613660933439554
monocytes.NC.I,Stroma,0.09720097600960428
neutrophils,Stroma,0.030118493406720737
Treg,Stroma,0.03001410565418401
endothelial.cells,Stroma,0.09521252816156951
fibroblasts,Stroma,0.01878741239665728
macrophages,Tumor,0.12505232141658473
mast,Tumor,0.002226768235334312
B.naive,Tumor,0.0027319143159252692
B.memory,Tumor,0.0
plasma,Tumor,0.010985138293958337
T.CD4.naive,Tumor,0.0
T.CD4.memory,Tumor,0.05505097479301047
T.CD8.naive,Tumor,0.0
T.CD8.memory,Tumor,0.09356224111056141
NK,Tumor,0.022374164145733923
pDCs,Tumor,0.01714688652683125
mDCs,Tumor,0.0
monocytes.C,Tumor,0.0
monocytes.NC.I,Tumor,0.024403055632685806
neutrophils,Tumor,0.09030879473165188
Treg,Tumor,0.0427328477243863
endothelial.cells,Tumor,0.20692709745700305
fibroblasts,Tumor,0.30649779561633317
macrophages,Stroma,0.20872564558537351
mast,Stroma,0.0005888680249134118
B.naive,Stroma,0.003626609097027009
B.memory,Stroma,0.0
plasma,Stroma,0.0
T.CD4.naive,Stroma,0.0
T.CD4.memory,Stroma,0.09240558561153245
T.CD8.naive,Stroma,0.0
T.CD8.memory,Stroma,0.174108607475431
NK,Stroma,0.009280479155261007
pDCs,Stroma,0.01003871848980895
mDCs,Stroma,0.0019241750584348932
monocytes.C,Stroma,0.024858819745939148
monocytes.NC.I,Stroma,0.020847961122965896
neutrophils,Stroma,0.028388162128478677
Treg,Stroma,0.06025929474107785
endothelial.cells,Stroma,0.11155871416462382
fibroblasts,Stroma,0.2533883595991323
macrophages,Tumor,0.1106284669300087
mast,Tumor,0.0014053121437453849
B.naive,Tumor,0.0
B.memory,Tumor,0.0
plasma,Tumor,0.013800325749764515
T.CD4.naive,Tumor,0.0
T.CD4.memory,Tumor,0.0
T.CD8.naive,Tumor,0.0
T.CD8.memory,Tumor,0.159818983102673
NK,Tumor,0.0
pDCs,Tumor,0.02991330543294462
mDCs,Tumor,0.0
monocytes.C,Tumor,0.0
monocytes.NC.I,Tumor,0.0018094445581177915
neutrophils,Tumor,0.15895457242811165
Treg,Tumor,0.04252897496929631
endothelial.cells,Tumor,0.19239143290095778
fibroblasts,Tumor,0.28874918178438025
macrophages,Stroma,0.2138484445237019
mast,Stroma,8.559376516929479e-05
B.naive,Stroma,0.012384343557521948
B.memory,Stroma,0.0
plasma,Stroma,0.0
T.CD4.naive,Stroma,0.0
T.CD4.memory,Stroma,0.06616005614298127
T.CD8.naive,Stroma,0.0
T.CD8.memory,Stroma,0.14954013394106733
NK,Stroma,0.00038284589810028423
pDCs,Stroma,0.013301404203716304
mDCs,Stroma,0.002797805167581934
monocytes.C,Stroma,0.034126186777393944
monocytes.NC.I,Stroma,0.033573498775008384
neutrophils,Stroma,0.02632647258311551
Treg,Stroma,0.03719512149202951
endothelial.cells,Stroma,0.14987613918006423
fibroblasts,Stroma,0.260401953992548
macrophages,Tumor,0.10330337871195408
mast,Tumor,0.0024782200813646613
B.naive,Tumor,0.007746454533523079
B.memory,Tumor,0.0
plasma,Tumor,0.009646014401596322
T.CD4.naive,Tumor,0.0
T.CD4.memory,Tumor,0.0
T.CD8.naive,Tumor,0.0
T.CD8.memory,Tumor,0.12115965238786514
NK,Tumor,0.0
pDCs,Tumor,0.015438154097303555
mDCs,Tumor,0.0
monocytes.C,Tumor,0.0
monocytes.NC.I,Tumor,0.0110926543827194
neutrophils,Tumor,0.08089997350307225
Treg,Tumor,0.05077188033612412
endothelial.cells,Tumor,0.22343130272201592
fibroblasts,Tumor,0.3740323148424616
macrophages,Stroma,0.19453654298367665
mast,Stroma,0.0007632386977004233
B.naive,Stroma,0.01309271940707031
B.memory,Stroma,0.0
plasma,Stroma,0.0002819139277861561
T.CD4.naive,Stroma,0.0
T.CD4.memory,Stroma,0.06080167697649807
T.CD8.naive,Stroma,0.0
T.CD8.memory,Stroma,0.12020170993737604
NK,Stroma,0.012464397309439327
pDCs,Stroma,0.0023350798881096382
mDCs,Stroma,0.0
monocytes.C,Stroma,0.014164440686862219
monocytes.NC.I,Stroma,0.01510117134913753
neutrophils,Stroma,0.03867304102327643
Treg,Stroma,0.023806255373106266
endothelial.cells,Stroma,0.17748060844637492
fibroblasts,Stroma,0.326297203993586
macrophages,Tumor,0.10789561561205192
mast,Tumor,0.008168060303857904
B.naive,Tumor,0.0
B.memory,Tumor,0.0
plasma,Tumor,0.01260522270766211
T.CD4.naive,Tumor,0.0
T.CD4.memory,Tumor,0.0
T.CD8.naive,Tumor,0.0
T.CD8.memory,Tumor,0.13127343397389646
NK,Tumor,0.00844852947647989
pDCs,Tumor,0.017961008392327078
mDCs,Tumor,0.0
monocytes.C,Tumor,0.0
monocytes.NC.I,Tumor,0.0
neutrophils,Tumor,0.30800436919545826
Treg,Tumor,0.03342997041385591
endothelial.cells,Tumor,0.15190853866163553
fibroblasts,Tumor,0.220305251262775
macrophages,Stroma,0.23305302420951257
mast,Stroma,0.002029006676263553
B.naive,Stroma,0.015073808021250653
B.memory,Stroma,0.0
plasma,Stroma,0.003899031737293135
T.CD4.naive,Stroma,0.0
T.CD4.memory,Stroma,0.03057513662266751
T.CD8.naive,Stroma,0.0
T.CD8.memory,Stroma,0.08821334079451791
NK,Stroma,0.0
pDCs,Stroma,0.008500447369338233
mDCs,Stroma,0.004066091405651495
monocytes.C,Stroma,0.008240851353243405
monocytes.NC.I,Stroma,0.027429089520692635
neutrophils,Stroma,0.06393183712218638
Treg,Stroma,0.026008542541416976
endothelial.cells,Stroma,0.12013642173612499
fibroblasts,Stroma,0.36884337088984065
macrophages,Tumor,0.07867388426625252
mast,Tumor,0.016708560366526244
B.naive,Tumor,0.0
B.memory,Tumor,0.0
plasma,Tumor,0.012427994476700854
T.CD4.naive,Tumor,0.0
T.CD4.memory,Tumor,0.0089403196860624
T.CD8.naive,Tumor,0.0
T.CD8.memory,Tumor,0.034856996632169276
NK,Tumor,0.0013537293695825138
pDCs,Tumor,0.002353542483415748
mDCs,Tumor,0.0
monocytes.C,Tumor,0.0
monocytes.NC.I,Tumor,0.0
neutrophils,Tumor,0.4041149600392948
Treg,Tumor,0.1296310359098196
endothelial.cells,Tumor,0.15587720751650286
fibroblasts,Tumor,0.15506176925367315
macrophages,Stroma,0.24575367691421138
mast,Stroma,0.0027304032727136704
B.naive,Stroma,0.016368849885379348
B.memory,Stroma,0.0
plasma,Stroma,0.0025366841494879524
T.CD4.naive,Stroma,0.0
T.CD4.memory,Stroma,0.04148939855607365
T.CD8.naive,Stroma,0.0
T.CD8.memory,Stroma,0.06739476434477724
NK,Stroma,0.004950841446336334
pDCs,Stroma,0.013994490205182522
mDCs,Stroma,0.006369348718814065
monocytes.C,Stroma,0.01674166907644191
monocytes.NC.I,Stroma,0.02579490024304525
neutrophils,Stroma,0.10171105231031947
Treg,Stroma,0.019620763533796996
endothelial.cells,Stroma,0.13393559339321892
fibroblasts,Stroma,0.3006075639502013
macrophages,Tumor,0.08303267538722624
mast,Tumor,0.0033522099496706976
B.naive,Tumor,0.0
B.memory,Tumor,0.0
plasma,Tumor,0.0
T.CD4.naive,Tumor,0.0
T.CD4.memory,Tumor,0.042530959403376964
T.CD8.naive,Tumor,0.0
T.CD8.memory,Tumor,0.03720435665438359
NK,Tumor,0.055120390248832876
pDCs,Tumor,0.02399786908543836
mDCs,Tumor,0.0
monocytes.C,Tumor,0.0
monocytes.NC.I,Tumor,0.0
neutrophils,Tumor,0.43037647736845963
Treg,Tumor,0.0
endothelial.cells,Tumor,0.09513348387566495
fibroblasts,Tumor,0.22925157802694673
macrophages,Stroma,0.12376461368780438
mast,Stroma,0.002544446241196498
B.naive,Stroma,0.006017513371220855
B.memory,Stroma,0.0
plasma,Stroma,0.0
T.CD4.naive,Stroma,0.0
T.CD4.memory,Stroma,0.0
T.CD8.naive,Stroma,0.0031894651920217065
T.CD8.memory,Stroma,0.013214895350812168
NK,Stroma,0.02558992133916906
pDCs,Stroma,0.022168718358249
mDCs,Stroma,0.0
monocytes.C,Stroma,0.0
monocytes.NC.I,Stroma,0.006204853852536136
neutrophils,Stroma,0.13504570093754847
Treg,Stroma,0.0031205213538695107
endothelial.cells,Stroma,0.056685181632115215
fibroblasts,Stroma,0.602454168683457
macrophages,Tumor,0.08598011009373756
mast,Tumor,0.00783640014582004
B.naive,Tumor,0.0
B.memory,Tumor,0.0
plasma,Tumor,0.011961251171062835
T.CD4.naive,Tumor,0.0
T.CD4.memory,Tumor,0.12270729247854718
T.CD8.naive,Tumor,0.012991346279377614
T.CD8.memory,Tumor,0.10797682684797774
NK,Tumor,0.0
pDCs,Tumor,0.030963572803370414
mDCs,Tumor,0.0
monocytes.C,Tumor,0.0
monocytes.NC.I,Tumor,0.006933525496010159
neutrophils,Tumor,0.2367120096449004
Treg,Tumor,0.0
endothelial.cells,Tumor,0.1960984014834892
fibroblasts,Tumor,0.17983926355570667
macrophages,Stroma,0.16820180358654824
mast,Stroma,0.003153924802391796
B.naive,Stroma,0.015765583824093904
B.memory,Stroma,0.0
plasma,Stroma,0.011355654987283652
T.CD4.naive,Stroma,0.0
T.CD4.memory,Stroma,0.06413022706963727
T.CD8.naive,Stroma,0.0
T.CD8.memory,Stroma,0.01607196670284677
NK,Stroma,0.023218260877234043
pDCs,Stroma,0.008971400777352367
mDCs,Stroma,0.0
monocytes.C,Stroma,0.0
monocytes.NC.I,Stroma,0.00833950152862697
neutrophils,Stroma,0.17558782021464098
Treg,Stroma,0.007976585562006597
endothelial.cells,Stroma,0.13643277565793813
fibroblasts,Stroma,0.3607944944093993
macrophages,Tumor,0.2092902653978538
mast,Tumor,0.0034465743167454233
B.naive,Tumor,0.012705793236895632
B.memory,Tumor,0.0
plasma,Tumor,0.009385952821357653
T.CD4.naive,Tumor,0.0
T.CD4.memory,Tumor,0.041583481439638297
T.CD8.naive,Tumor,0.006607124330289228
T.CD8.memory,Tumor,0.08993431499660419
NK,Tumor,0.037742889556502936
pDCs,Tumor,0.027071373839364376
mDCs,Tumor,0.009964824272781121
monocytes.C,Tumor,0.0
monocytes.NC.I,Tumor,0.0097535399774662
neutrophils,Tumor,0.18133837211939927
Treg,Tumor,0.0
endothelial.cells,Tumor,0.1312351695937898
fibroblasts,Tumor,0.22994032410131218
macrophages,Stroma,0.16114782375064624
mast,Stroma,0.0007303890236700857
B.naive,Stroma,0.03618246246127079
B.memory,Stroma,0.009668129271433689
plasma,Stroma,0.023473611968886466
T.CD4.naive,Stroma,0.0
T.CD4.memory,Stroma,0.09579958506460037
T.CD8.naive,Stroma,0.0
T.CD8.memory,Stroma,0.1314308214921569
NK,Stroma,0.017602725803355538
pDCs,Stroma,0.009590813870387939
mDCs,Stroma,0.03037093785447633
monocytes.C,Stroma,0.014602558697698224
monocytes.NC.I,Stroma,0.03758159881040443
neutrophils,Stroma,0.0
Treg,Stroma,0.039553575035102324
endothelial.cells,Stroma,0.10436132899145388
fibroblasts,Stroma,0.28790363790445683
macrophages,Tumor,0.19740128682597297
mast,Tumor,0.0044518170125753135
B.naive,Tumor,0.029705163346020337
B.memory,Tumor,0.0
plasma,Tumor,0.029422117968245457
T.CD4.naive,Tumor,0.0
T.CD4.memory,Tumor,0.08718086743300636
T.CD8.naive,Tumor,0.005948975354266746
T.CD8.memory,Tumor,0.12084403298013219
NK,Tumor,0.03774646738171625
pDCs,Tumor,0.01832946947501188
mDCs,Tumor,0.027512440292256066
monocytes.C,Tumor,0.0
monocytes.NC.I,Tumor,0.014503441922917118
neutrophils,Tumor,0.14270654326887072
Treg,Tumor,0.0
endothelial.cells,Tumor,0.12090353757058404
fibroblasts,Tumor,0.1633438391684246
macrophages,Stroma,0.18290046734893675
mast,Stroma,0.0014021417067678402
B.naive,Stroma,9.735051474202231e-06
B.memory,Stroma,0.0
plasma,Stroma,0.03159027789091784
T.CD4.naive,Stroma,0.0
T.CD4.memory,Stroma,0.08010353532471086
T.CD8.naive,Stroma,0.0
T.CD8.memory,Stroma,0.0901388093184308
NK,Stroma,0.03094584383582082
pDCs,Stroma,0.028782799889991578
mDCs,Stroma,0.022873355769646598
monocytes.C,Stroma,0.0304011075651677
monocytes.NC.I,Stroma,0.056116434473768885
neutrophils,Stroma,0.0
Treg,Stroma,0.06385737453432948
endothelial.cells,Stroma,0.10285511882692347
fibroblasts,Stroma,0.2780229984631132
macrophages,Tumor,0.1852424426519217
mast,Tumor,0.0012485443187279946
B.naive,Tumor,0.0
B.memory,Tumor,0.0
plasma,Tumor,0.013918484913973057
T.CD4.naive,Tumor,0.0
T.CD4.memory,Tumor,0.0
T.CD8.naive,Tumor,0.0
T.CD8.memory,Tumor,0.16974760284357093
NK,Tumor,0.002633658892606813
pDCs,Tumor,0.01992518062316842
mDCs,Tumor,0.0045431882740115505
monocytes.C,Tumor,0.0036948183948147294
monocytes.NC.I,Tumor,0.0
neutrophils,Tumor,0.3093449994066801
Treg,Tumor,0.0
endothelial.cells,Tumor,0.09988849559959088
fibroblasts,Tumor,0.1898125840809338
macrophages,Stroma,0.28641356481043534
mast,Stroma,8.504289693022684e-05
B.naive,Stroma,0.008862545521141057
B.memory,Stroma,0.0
plasma,Stroma,0.02357849917104386
T.CD4.naive,Stroma,0.0
T.CD4.memory,Stroma,0.07659172679898038
T.CD8.naive,Stroma,0.0
T.CD8.memory,Stroma,0.09199161055883319
NK,Stroma,0.010023434515865196
pDCs,Stroma,0.013588581684108045
mDCs,Stroma,0.010135108389502831
monocytes.C,Stroma,0.04513100691490465
monocytes.NC.I,Stroma,0.050133363266714706
neutrophils,Stroma,0.0
Treg,Stroma,0.027538412372681335
endothelial.cells,Stroma,0.0857772380168366
fibroblasts,Stroma,0.2701498650820226
macrophages,Tumor,0.19525187512374706
mast,Tumor,0.002521977161524642
B.naive,Tumor,0.02554081931214162
B.memory,Tumor,0.0
plasma,Tumor,0.01332719746405034
T.CD4.naive,Tumor,0.0
T.CD4.memory,Tumor,0.0
T.CD8.naive,Tumor,0.0
T.CD8.memory,Tumor,0.0941470426116915
NK,Tumor,0.031059932498792516
pDCs,Tumor,0.013841745632059838
mDCs,Tumor,0.005619304689665303
monocytes.C,Tumor,0.0
monocytes.NC.I,Tumor,0.0
neutrophils,Tumor,0.24994201126441196
Treg,Tumor,0.0
endothelial.cells,Tumor,0.09517300532105993
fibroblasts,Tumor,0.2735750889208552
macrophages,Stroma,0.2443305542534239
mast,Stroma,0.0
B.naive,Stroma,0.008269296994164873
B.memory,Stroma,0.0
plasma,Stroma,0.005312163457385442
T.CD4.naive,Stroma,0.0
T.CD4.memory,Stroma,0.07829171575612386
T.CD8.naive,Stroma,0.0
T.CD8.memory,Stroma,0.10813463614158889
NK,Stroma,0.008419427616124256
pDCs,Stroma,0.007797851575597063
mDCs,Stroma,0.0005336907153184093
monocytes.C,Stroma,0.06091195162555328
monocytes.NC.I,Stroma,0.02762469702890828
neutrophils,Stroma,0.0021957862253516175
Treg,Stroma,0.0222547564911758
endothelial.cells,Stroma,0.07816024873157573
fibroblasts,Stroma,0.34776322338770854
macrophages,Tumor,0.12818134897397912
mast,Tumor,0.0025111787055878913
B.naive,Tumor,0.0
B.memory,Tumor,0.0
plasma,Tumor,0.007954307029732556
T.CD4.naive,Tumor,0.0
T.CD4.memory,Tumor,0.058206142114659076
T.CD8.naive,Tumor,0.052612362561749705
T.CD8.memory,Tumor,0.022997568859762983
NK,Tumor,0.02276753512404987
pDCs,Tumor,0.018118660738188512
mDCs,Tumor,0.0
monocytes.C,Tumor,0.0
monocytes.NC.I,Tumor,0.0
neutrophils,Tumor,0.3026304451181295
Treg,Tumor,0.0
endothelial.cells,Tumor,0.09780155405848727
fibroblasts,Tumor,0.28621889671567363
macrophages,Stroma,0.2336805366497656
mast,Stroma,0.0
B.naive,Stroma,0.011388274456933307
B.memory,Stroma,0.0021329448334635624
plasma,Stroma,0.02061786498676556
T.CD4.naive,Stroma,0.0
T.CD4.memory,Stroma,0.002849566523592317
T.CD8.naive,Stroma,0.0
T.CD8.memory,Stroma,0.05506093047277933
NK,Stroma,0.00044762697653444365
pDCs,Stroma,0.018610016940628714
mDCs,Stroma,0.0
monocytes.C,Stroma,0.019749315282460392
monocytes.NC.I,Stroma,0.05897061945762227
neutrophils,Stroma,0.022065381346162257
Treg,Stroma,0.017875625194422973
endothelial.cells,Stroma,0.13571129984981645
fibroblasts,Stroma,0.40083999702905276
macrophages,Tumor,0.15853552048528005
mast,Tumor,0.0026298073044417085
B.naive,Tumor,0.0
B.memory,Tumor,0.0
plasma,Tumor,0.0027932790358413022
T.CD4.naive,Tumor,0.0
T.CD4.memory,Tumor,0.0
T.CD8.naive,Tumor,0.011922126821069174
T.CD8.memory,Tumor,0.0715284488324662
NK,Tumor,0.03392145189050528
pDCs,Tumor,0.016080375441496642
mDCs,Tumor,0.0
monocytes.C,Tumor,0.0
monocytes.NC.I,Tumor,0.006473512564480132
neutrophils,Tumor,0.2848563376336177
Treg,Tumor,0.005605079309432974
endothelial.cells,Tumor,0.10185205119627845
fibroblasts,Tumor,0.30380200948509045
macrophages,Stroma,0.22183382856121503
mast,Stroma,0.0
B.naive,Stroma,0.011616028448126718
B.memory,Stroma,0.0
plasma,Stroma,0.017733860538616503
T.CD4.naive,Stroma,0.0
T.CD4.memory,Stroma,0.0
T.CD8.naive,Stroma,0.0
T.CD8.memory,Stroma,0.04598168223719649
NK,Stroma,0.010921964108403858
pDCs,Stroma,0.014987559896537137
mDCs,Stroma,0.0
monocytes.C,Stroma,0.0069560585064836295
monocytes.NC.I,Stroma,0.04438130563291584
neutrophils,Stroma,0.016598294714712147
Treg,Stroma,0.042073342904677485
endothelial.cells,Stroma,0.15358169367742266
fibroblasts,Stroma,0.4133343807736925
macrophages,Tumor,0.19000244017462983
mast,Tumor,0.005851488748339975
B.naive,Tumor,0.025897235932511187
B.memory,Tumor,0.0
plasma,Tumor,0.04057087991372511
T.CD4.naive,Tumor,0.0
T.CD4.memory,Tumor,0.0
T.CD8.naive,Tumor,0.06966561260751886
T.CD8.memory,Tumor,0.06519421508409512
NK,Tumor,0.06944287802555194
pDCs,Tumor,0.013271124820582387
mDCs,Tumor,0.0027078560358392498
monocytes.C,Tumor,0.0
monocytes.NC.I,Tumor,0.005033449010557126
neutrophils,Tumor,0.16791773209940222
Treg,Tumor,0.024063605243917215
endothelial.cells,Tumor,0.11119452336239677
fibroblasts,Tumor,0.20918695894093303
macrophages,Tumor,0.1479534893477269
mast,Tumor,0.009390049612991296
B.naive,Tumor,0.007567119984531891
B.memory,Tumor,0.0
plasma,Tumor,0.02865790554024519
T.CD4.naive,Tumor,0.0
T.CD4.memory,Tumor,0.01795668017385241
T.CD8.naive,Tumor,0.0712704046127553
T.CD8.memory,Tumor,0.08181484983733171
NK,Tumor,0.05510300726375905
pDCs,Tumor,0.019305697099320764
mDCs,Tumor,0.0
monocytes.C,Tumor,0.0
monocytes.NC.I,Tumor,0.0
neutrophils,Tumor,0.2213496053135757
Treg,Tumor,0.0
endothelial.cells,Tumor,0.11445158687119501
fibroblasts,Tumor,0.2251796043427148
macrophages,Tumor,0.1866697124996998
mast,Tumor,0.0027146076684996675
B.naive,Tumor,0.0067657468280709785
B.memory,Tumor,3.906546180648981e-06
plasma,Tumor,0.025617787983632494
T.CD4.naive,Tumor,0.0
T.CD4.memory,Tumor,0.0
T.CD8.naive,Tumor,0.0
T.CD8.memory,Tumor,0.036153318973248146
NK,Tumor,0.038467781436759184
pDCs,Tumor,0.011268571158305376
mDCs,Tumor,0.012712401160400465
monocytes.C,Tumor,0.0
monocytes.NC.I,Tumor,0.00014639904448643674
neutrophils,Tumor,0.24371342157565462
Treg,Tumor,0.0
endothelial.cells,Tumor,0.0949082465689225
fibroblasts,Tumor,0.3408580985561398
macrophages,Tumor,0.18583674065612615
mast,Tumor,0.0043844169484207884
B.naive,Tumor,0.00507101796386234
B.memory,Tumor,0.0
plasma,Tumor,0.003647263774995366
T.CD4.naive,Tumor,0.0
T.CD4.memory,Tumor,0.04467776004084586
T.CD8.naive,Tumor,0.016441704027573986
T.CD8.memory,Tumor,0.09578535565251056
NK,Tumor,0.04434645651559441
pDCs,Tumor,0.011591707524208432
mDCs,Tumor,0.020915513855535136
monocytes.C,Tumor,0.016290395240815398
monocytes.NC.I,Tumor,0.0
neutrophils,Tumor,0.1960067449305745
Treg,Tumor,0.0
endothelial.cells,Tumor,0.1408935240807662
fibroblasts,Tumor,0.21411139878817084
macrophages,Stroma,0.1795137133392742
mast,Stroma,0.0003808758488606838
B.naive,Stroma,0.016968927650523963
B.memory,Stroma,0.0
plasma,Stroma,0.01095851823105417
T.CD4.naive,Stroma,0.0
T.CD4.memory,Stroma,0.020128366762251035
T.CD8.naive,Stroma,0.0
T.CD8.memory,Stroma,0.12211749977271763
NK,Stroma,0.022708326017439752
pDCs,Stroma,0.0089976182271683
mDCs,Stroma,0.020095159273785104
monocytes.C,Stroma,0.0441291048423908
monocytes.NC.I,Stroma,0.029375780008868695
neutrophils,Stroma,0.011866915656093838
Treg,Stroma,0.018995191524855973
endothelial.cells,Stroma,0.12911526812947438
fibroblasts,Stroma,0.3646487347152414
macrophages,Tumor,0.21537680234133824
mast,Tumor,0.007229837008151135
B.naive,Tumor,0.0
B.memory,Tumor,0.0
plasma,Tumor,0.040848333107356194
T.CD4.naive,Tumor,0.0
T.CD4.memory,Tumor,0.015726068543587074
T.CD8.naive,Tumor,0.0
T.CD8.memory,Tumor,0.32650981207073354
NK,Tumor,0.003863410340707195
pDCs,Tumor,0.00851381659934981
mDCs,Tumor,0.0
monocytes.C,Tumor,0.0
monocytes.NC.I,Tumor,0.027545031123638833
neutrophils,Tumor,0.189206372570813
Treg,Tumor,0.0
endothelial.cells,Tumor,0.0921898736927563
fibroblasts,Tumor,0.07299064260156868
macrophages,Stroma,0.11205614508129191
mast,Stroma,0.02626033884794333
B.naive,Stroma,0.0
B.memory,Stroma,0.0
plasma,Stroma,0.0
T.CD4.naive,Stroma,0.0
T.CD4.memory,Stroma,0.08470319816468892
T.CD8.naive,Stroma,0.0
T.CD8.memory,Stroma,0.1529239776687111
NK,Stroma,0.0
pDCs,Stroma,0.020400540800589045
mDCs,Stroma,0.016928000370303852
monocytes.C,Stroma,0.0
monocytes.NC.I,Stroma,0.0420128857932999
neutrophils,Stroma,0.0024362079562742947
Treg,Stroma,0.04634581311617574
endothelial.cells,Stroma,0.21115767763092225
fibroblasts,Stroma,0.2847752145697996
macrophages,Tumor,0.1505471681856095
mast,Tumor,0.007687313587218509
B.naive,Tumor,0.03496340264374128
B.memory,Tumor,0.0
plasma,Tumor,0.044320182499370066
T.CD4.naive,Tumor,0.0
T.CD4.memory,Tumor,0.19848074547201702
T.CD8.naive,Tumor,0.053044093338787734
T.CD8.memory,Tumor,0.034788330967932886
NK,Tumor,0.06227006318914145
pDCs,Tumor,0.01554390339361131
mDCs,Tumor,0.0
monocytes.C,Tumor,0.0
monocytes.NC.I,Tumor,0.013620367680103964
neutrophils,Tumor,0.13104497024098144
Treg,Tumor,0.1129245256718505
endothelial.cells,Tumor,0.02031200236274882
fibroblasts,Tumor,0.12045293076688542
macrophages,Stroma,0.18932569467741855
mast,Stroma,0.0059564069575106906
B.naive,Stroma,0.026996447705411146
B.memory,Stroma,0.0
plasma,Stroma,0.02895283301307272
T.CD4.naive,Stroma,0.0
T.CD4.memory,Stroma,0.09785644093565417
T.CD8.naive,Stroma,0.0
T.CD8.memory,Stroma,0.1362351851558638
NK,Stroma,0.04147984775610203
pDCs,Stroma,0.01988139353328294
mDCs,Stroma,0.007686215778949186
monocytes.C,Stroma,0.0
monocytes.NC.I,Stroma,0.01802650065300685
neutrophils,Stroma,0.03940674127338398
Treg,Stroma,0.11712051919321406
endothelial.cells,Stroma,0.0704351614581694
fibroblasts,Stroma,0.20064061190896054
macrophages,Tumor,0.14228389026392815
mast,Tumor,0.005057093537234716
B.naive,Tumor,0.1294987029374364
B.memory,Tumor,0.0
plasma,Tumor,0.014557743288270144
T.CD4.naive,Tumor,0.0
T.CD4.memory,Tumor,0.1848156828357247
T.CD8.naive,Tumor,0.0
T.CD8.memory,Tumor,0.11091782225730386
NK,Tumor,0.059363584203124355
pDCs,Tumor,0.013004441167458037
mDCs,Tumor,0.0
monocytes.C,Tumor,0.0
monocytes.NC.I,Tumor,0.019300357293405877
neutrophils,Tumor,0.07730149630584571
Treg,Tumor,0.0
endothelial.cells,Tumor,0.06068525270961644
fibroblasts,Tumor,0.18321393320065169
macrophages,Stroma,0.11513417983319325
mast,Stroma,0.010369842889736412
B.naive,Stroma,0.007259029980596964
B.memory,Stroma,0.028667379640926447
plasma,Stroma,0.02246607129437722
T.CD4.naive,Stroma,0.0
T.CD4.memory,Stroma,0.014467835486998861
T.CD8.naive,Stroma,0.08329089962799094
T.CD8.memory,Stroma,0.11492854853069834
NK,Stroma,0.012847526211017965
pDCs,Stroma,0.019741792947490157
mDCs,Stroma,0.0022181771623805842
monocytes.C,Stroma,0.0
monocytes.NC.I,Stroma,0.062010020440058725
neutrophils,Stroma,0.020167823931126524
Treg,Stroma,0.027659596676475006
endothelial.cells,Stroma,0.06770774469900627
fibroblasts,Stroma,0.39106353064792637
macrophages,Tumor,0.12882025334048453
mast,Tumor,0.013590971695099251
B.naive,Tumor,0.09165527115638546
B.memory,Tumor,0.0
plasma,Tumor,0.06275630319217365
T.CD4.naive,Tumor,0.0
T.CD4.memory,Tumor,0.11043083439751032
T.CD8.naive,Tumor,0.0
T.CD8.memory,Tumor,0.1342919508733313
NK,Tumor,0.08815616154011735
pDCs,Tumor,0.0
mDCs,Tumor,0.0
monocytes.C,Tumor,0.0
monocytes.NC.I,Tumor,0.0
neutrophils,Tumor,0.17807867192465657
Treg,Tumor,0.03946715985330886
endothelial.cells,Tumor,0.11332360929920673
fibroblasts,Tumor,0.03942881272772591
macrophages,Tumor,0.06369537210034487
mast,Tumor,0.01258386673890928
B.naive,Tumor,0.03699358847187617
B.memory,Tumor,0.0
plasma,Tumor,0.033651585646455436
T.CD4.naive,Tumor,0.27258563574424177
T.CD4.memory,Tumor,0.0
T.CD8.naive,Tumor,0.0
T.CD8.memory,Tumor,0.0
NK,Tumor,0.039006534491566824
pDCs,Tumor,0.010408939135718574
mDCs,Tumor,0.0
monocytes.C,Tumor,0.0
monocytes.NC.I,Tumor,0.03332528605609532
neutrophils,Tumor,0.15255677236406198
Treg,Tumor,0.09584952693954737
endothelial.cells,Tumor,0.10508484975058094
fibroblasts,Tumor,0.14425804256060143
macrophages,Tumor,0.07468524983444824
mast,Tumor,0.005544212953268235
B.naive,Tumor,0.03195981747633511
B.memory,Tumor,0.0
plasma,Tumor,0.010317199664405134
T.CD4.naive,Tumor,0.0
T.CD4.memory,Tumor,0.0732273167311387
T.CD8.naive,Tumor,0.2477136083544761
T.CD8.memory,Tumor,0.08735293755118953
NK,Tumor,0.08292547442970427
pDCs,Tumor,0.0
mDCs,Tumor,0.0
monocytes.C,Tumor,0.0
monocytes.NC.I,Tumor,0.044051944122018
neutrophils,Tumor,0.1019801765119891
Treg,Tumor,0.13766490600011175
endothelial.cells,Tumor,0.060951133406916116
fibroblasts,Tumor,0.04162602296399987
macrophages,Stroma,0.1692677787832975
mast,Stroma,0.007806638097101154
B.naive,Stroma,0.0
B.memory,Stroma,0.0
plasma,Stroma,0.02178344656856474
T.CD4.naive,Stroma,0.0
T.CD4.memory,Stroma,0.0
T.CD8.naive,Stroma,0.24009445578916574
T.CD8.memory,Stroma,0.046266524702618876
NK,Stroma,0.03050244744614955
pDCs,Stroma,0.03348496704127354
mDCs,Stroma,0.0032620697966041596
monocytes.C,Stroma,0.0
monocytes.NC.I,Stroma,0.03766449146801896
neutrophils,Stroma,0.020242697794532676
Treg,Stroma,0.0
endothelial.cells,Stroma,0.24003916878791842
fibroblasts,Stroma,0.14958531372475467
macrophages,Tumor,0.26476932393211616
mast,Tumor,0.003778634296501814
B.naive,Tumor,0.0
B.memory,Tumor,0.0
plasma,Tumor,0.06604962934471086
T.CD4.naive,Tumor,0.0
T.CD4.memory,Tumor,0.0
T.CD8.naive,Tumor,0.0
T.CD8.memory,Tumor,0.09895178239256903
NK,Tumor,0.10440409971342533
pDCs,Tumor,0.002454378036016219
mDCs,Tumor,0.0
monocytes.C,Tumor,0.0
monocytes.NC.I,Tumor,0.033799420420505426
neutrophils,Tumor,0.14422847721085919
Treg,Tumor,0.10629907281851977
endothelial.cells,Tumor,0.13948974643681342
fibroblasts,Tumor,0.035775435397962775
macrophages,Stroma,0.42341886363291714
mast,Stroma,0.003489372777638021
B.naive,Stroma,0.027625977515621666
B.memory,Stroma,0.0
plasma,Stroma,0.0
T.CD4.naive,Stroma,0.0
T.CD4.memory,Stroma,0.13788866076340026
T.CD8.naive,Stroma,0.0
T.CD8.memory,Stroma,0.13678280192868872
NK,Stroma,0.02969762338456229
pDCs,Stroma,0.005956086997682208
mDCs,Stroma,0.0051639813872638605
monocytes.C,Stroma,0.0
monocytes.NC.I,Stroma,0.025455723313367266
neutrophils,Stroma,0.008004081285085765
Treg,Stroma,0.05167584467071956
endothelial.cells,Stroma,0.04404864275382881
fibroblasts,Stroma,0.10079233958922434
macrophages,Tumor,0.09536006361539333
mast,Tumor,0.00543563902379109
B.naive,Tumor,0.09613955372962779
B.memory,Tumor,0.0
plasma,Tumor,0.030952824584477675
T.CD4.naive,Tumor,0.0
T.CD4.memory,Tumor,0.27165525574078514
T.CD8.naive,Tumor,0.0
T.CD8.memory,Tumor,0.0
NK,Tumor,0.0903249732291486
pDCs,Tumor,0.0
mDCs,Tumor,0.0
monocytes.C,Tumor,0.0
monocytes.NC.I,Tumor,0.021980891558033514
neutrophils,Tumor,0.19115330669349256
Treg,Tumor,0.0
endothelial.cells,Tumor,0.086924559171707
fibroblasts,Tumor,0.11007293265354325
macrophages,Stroma,0.15275638030066352
mast,Stroma,0.01271121112002774
B.naive,Stroma,0.01886797342589758
B.memory,Stroma,0.0
plasma,Stroma,0.0
T.CD4.naive,Stroma,0.0
T.CD4.memory,Stroma,0.1746946764689253
T.CD8.naive,Stroma,0.0
T.CD8.memory,Stroma,0.13479593255989977
NK,Stroma,0.017614639717644487
pDCs,Stroma,0.011093965703403904
mDCs,Stroma,0.011871487858334877
monocytes.C,Stroma,0.0
monocytes.NC.I,Stroma,0.061661711807866636
neutrophils,Stroma,0.03385937927827899
Treg,Stroma,0.1103980550900421
endothelial.cells,Stroma,0.07120412517573728
fibroblasts,Stroma,0.18847046149327773
macrophages,Tumor,0.2051748165891322
mast,Tumor,0.0070812656530010055
B.naive,Tumor,0.08563994393567764
B.memory,Tumor,0.0
plasma,Tumor,0.018595588849174095
T.CD4.naive,Tumor,0.0
T.CD4.memory,Tumor,0.21835763775631492
T.CD8.naive,Tumor,0.08030357327651738
T.CD8.memory,Tumor,0.0
NK,Tumor,0.10806663325634178
pDCs,Tumor,0.0
mDCs,Tumor,0.05423902249730805
monocytes.C,Tumor,0.0
monocytes.NC.I,Tumor,0.0
neutrophils,Tumor,0.1004860854277134
Treg,Tumor,0.0
endothelial.cells,Tumor,0.06981391448692645
fibroblasts,Tumor,0.05224151827189311
macrophages,Tumor,0.13596255905226934
mast,Tumor,0.007735290504107098
B.naive,Tumor,0.1317479735696077
B.memory,Tumor,0.0
plasma,Tumor,0.036252945404063916
T.CD4.naive,Tumor,0.0
T.CD4.memory,Tumor,0.18485936991503785
T.CD8.naive,Tumor,0.07556894434754603
T.CD8.memory,Tumor,0.06176479193901934
NK,Tumor,0.11237956863624013
pDCs,Tumor,0.0
mDCs,Tumor,0.0
monocytes.C,Tumor,0.0
monocytes.NC.I,Tumor,0.0009792555352342194
neutrophils,Tumor,0.12225141225699045
Treg,Tumor,0.030351528710441396
endothelial.cells,Tumor,0.04896450394742195
fibroblasts,Tumor,0.05118185618202049
macrophages,Tumor,0.14927909561552458
mast,Tumor,0.006833929139133387
B.naive,Tumor,0.0
B.memory,Tumor,0.0
plasma,Tumor,0.01747398085276555
T.CD4.naive,Tumor,0.0
T.CD4.memory,Tumor,0.030668349429164556
T.CD8.naive,Tumor,0.0
T.CD8.memory,Tumor,0.10293884825141912
NK,Tumor,0.1326241626327573
pDCs,Tumor,0.044043856140097655
mDCs,Tumor,0.0
monocytes.C,Tumor,0.0
monocytes.NC.I,Tumor,0.0
neutrophils,Tumor,0.12362761814392388
Treg,Tumor,0.18387296491843597
endothelial.cells,Tumor,0.15750105834984046
fibroblasts,Tumor,0.05113613652693744
macrophages,Stroma,0.2757848452265697
mast,Stroma,0.004154993049894882
B.naive,Stroma,0.0
B.memory,Stroma,0.0
plasma,Stroma,0.014486428785759781
T.CD4.naive,Stroma,0.12058312895329788
T.CD4.memory,Stroma,0.03889145668883066
T.CD8.naive,Stroma,0.0
T.CD8.memory,Stroma,0.03989946048674626
NK,Stroma,0.057557573520411874
pDCs,Stroma,0.006278633227929229
mDCs,Stroma,0.010509131464006387
monocytes.C,Stroma,0.0
monocytes.NC.I,Stroma,0.043426126194286506
neutrophils,Stroma,0.02247748922967187
Treg,Stroma,0.1525301422592947
endothelial.cells,Stroma,0.10291697308956808
fibroblasts,Stroma,0.11050361782373218
macrophages,Tumor,0.1874536806364298
mast,Tumor,0.01607673782047196
B.naive,Tumor,0.08354372460713588
B.memory,Tumor,0.0
plasma,Tumor,0.0
T.CD4.naive,Tumor,0.0
T.CD4.memory,Tumor,0.12030585994431305
T.CD8.naive,Tumor,0.0
T.CD8.memory,Tumor,0.013036594629596348
NK,Tumor,0.04572749636061115
pDCs,Tumor,0.023417250913911315
mDCs,Tumor,0.0007110938508493657
monocytes.C,Tumor,0.0
monocytes.NC.I,Tumor,0.017967865222448975
neutrophils,Tumor,0.2179949868363589
Treg,Tumor,0.08301987753726384
endothelial.cells,Tumor,0.05193238920211487
fibroblasts,Tumor,0.13881244243849475
macrophages,Stroma,0.22951909495626355
mast,Stroma,0.02178118967542254
B.naive,Stroma,0.020375162812215384
B.memory,Stroma,0.0
plasma,Stroma,0.0
T.CD4.naive,Stroma,0.0
T.CD4.memory,Stroma,0.1531056532238073
T.CD8.naive,Stroma,0.0
T.CD8.memory,Stroma,0.09134071852466573
NK,Stroma,0.010739292795865048
pDCs,Stroma,0.025317939511309336
mDCs,Stroma,0.0011469618234870582
monocytes.C,Stroma,0.0
monocytes.NC.I,Stroma,0.07329207403223832
neutrophils,Stroma,0.022899362170940057
Treg,Stroma,0.022991720039287546
endothelial.cells,Stroma,0.07066647223032507
fibroblasts,Stroma,0.2568243582041732
macrophages,Tumor,0.10694320673566363
mast,Tumor,0.011736043715277034
B.naive,Tumor,0.15082360143518708
B.memory,Tumor,0.0
plasma,Tumor,0.027674968990874856
T.CD4.naive,Tumor,0.0
T.CD4.memory,Tumor,0.0884007466301457
T.CD8.naive,Tumor,0.007291339579620987
T.CD8.memory,Tumor,0.10523443551227839
NK,Tumor,0.11134398646107788
pDCs,Tumor,0.0007476564779123333
mDCs,Tumor,0.018830470334549647
monocytes.C,Tumor,0.0
monocytes.NC.I,Tumor,0.008723106367396878
neutrophils,Tumor,0.16987922741440414
Treg,Tumor,0.0
endothelial.cells,Tumor,0.060289485728931155
fibroblasts,Tumor,0.13208172461668036
macrophages,Tumor,0.1180242431071668
mast,Tumor,0.0011153047991876409
B.naive,Tumor,0.04115772851973971
B.memory,Tumor,0.0
plasma,Tumor,0.0402496266960291
T.CD4.naive,Tumor,0.06915961002531709
T.CD4.memory,Tumor,0.13096090402494384
T.CD8.naive,Tumor,0.10405043781543084
T.CD8.memory,Tumor,0.036567275626115996
NK,Tumor,0.0262734310298582
pDCs,Tumor,0.003981116659698512
mDCs,Tumor,0.0
monocytes.C,Tumor,0.0
monocytes.NC.I,Tumor,0.005252944213729164
neutrophils,Tumor,0.1256677443987058
Treg,Tumor,0.034128570397184164
endothelial.cells,Tumor,0.20122154029561282
fibroblasts,Tumor,0.06218952239128025
